season,min_minutes,model_type,model_name,RMSE,R2
2021,0,dummy,0_dummy,14.72685,0.11543210
2021,5,dummy,5_dummy,14.71904,0.11637046
2021,10,dummy,10_dummy,14.65560,0.12397112
2021,15,dummy,15_dummy,14.62885,0.12716540
2021,20,dummy,20_dummy,14.67856,0.12122336
2021,25,dummy,25_dummy,14.71150,0.11727601
2021,30,dummy,30_dummy,14.89915,0.09461242
2022,0,dummy,0_dummy,15.14715,0.16658871
2022,5,dummy,5_dummy,15.11181,0.17047303
2022,10,dummy,10_dummy,15.26220,0.15388036
2022,15,dummy,15_dummy,15.53337,0.12354639
2022,20,dummy,20_dummy,15.51626,0.12547702
2022,25,dummy,25_dummy,15.52032,0.12501882
2022,30,dummy,30_dummy,15.84883,0.08758576
2023,0,dummy,0_dummy,14.82940,0.08917956
2023,5,dummy,5_dummy,14.72196,0.10232993
2023,10,dummy,10_dummy,14.57976,0.11958790
2023,15,dummy,15_dummy,14.55999,0.12197397
2023,20,dummy,20_dummy,14.54046,0.12432748
2023,25,dummy,25_dummy,14.79625,0.09324709
2023,30,dummy,30_dummy,14.79285,0.09366380
2024,0,dummy,0_dummy,16.05099,0.01183970
2024,5,dummy,5_dummy,14.61845,0.18035323
2024,10,dummy,10_dummy,14.80475,0.15932898
2024,15,dummy,15_dummy,14.83400,0.15600443
2024,20,dummy,20_dummy,14.90358,0.14806768
2024,25,dummy,25_dummy,14.90807,0.14755480
2024,30,dummy,30_dummy,14.82949,0.15651740
2025,0,dummy,0_dummy,14.13485,0.19503006
2025,5,dummy,5_dummy,14.15313,0.19294562
2025,10,dummy,10_dummy,14.20475,0.18704849
2025,15,dummy,15_dummy,14.42337,0.16183224
2025,20,dummy,20_dummy,14.65577,0.13460429
2025,25,dummy,25_dummy,14.85182,0.11129690
2025,30,dummy,30_dummy,15.11603,0.07939584
2021,0,no_dummy,0_no_dummy,14.72685,0.11543210
2021,5,no_dummy,5_no_dummy,14.72999,0.11505538
2021,10,no_dummy,10_no_dummy,14.66288,0.12310051
2021,15,no_dummy,15_no_dummy,14.66366,0.12300664
2021,20,no_dummy,20_no_dummy,14.70622,0.11790923
2021,25,no_dummy,25_no_dummy,14.75067,0.11256901
2021,30,no_dummy,30_no_dummy,14.84966,0.10061758
2022,0,no_dummy,0_no_dummy,15.14715,0.16658871
2022,5,no_dummy,5_no_dummy,15.29890,0.14980680
2022,10,no_dummy,10_no_dummy,15.56315,0.12018264
2022,15,no_dummy,15_no_dummy,15.88014,0.08397804
2022,20,no_dummy,20_no_dummy,15.80378,0.09276557
2022,25,no_dummy,25_no_dummy,15.64871,0.11048295
2022,30,no_dummy,30_no_dummy,15.87788,0.08423875
2023,0,no_dummy,0_no_dummy,14.82940,0.08917956
2023,5,no_dummy,5_no_dummy,14.76535,0.09703013
2023,10,no_dummy,10_no_dummy,14.68336,0.10703134
2023,15,no_dummy,15_no_dummy,14.66284,0.10952473
2023,20,no_dummy,20_no_dummy,14.72050,0.10250827
2023,25,no_dummy,25_no_dummy,14.84183,0.08765172
2023,30,no_dummy,30_no_dummy,14.96419,0.07254678
2024,0,no_dummy,0_no_dummy,16.22927,-0.01023305
2024,5,no_dummy,5_no_dummy,14.81723,0.15791137
2024,10,no_dummy,10_no_dummy,14.97639,0.13972379
2024,15,no_dummy,15_no_dummy,14.83352,0.15605913
2024,20,no_dummy,20_no_dummy,14.96204,0.14137076
2024,25,no_dummy,25_no_dummy,14.97324,0.14008578
2024,30,no_dummy,30_no_dummy,15.00568,0.13635510
2025,0,no_dummy,0_no_dummy,14.12961,0.19562643
2025,5,no_dummy,5_no_dummy,14.25988,0.18072606
2025,10,no_dummy,10_no_dummy,14.35886,0.16931277
2025,15,no_dummy,15_no_dummy,14.50232,0.15263121
2025,20,no_dummy,20_no_dummy,14.71368,0.12775198
2025,25,no_dummy,25_no_dummy,14.94070,0.10062753
2025,30,no_dummy,30_no_dummy,15.11929,0.07899825
2015,0,dummy,0_dummy,12.70389,0.19631156
2015,5,dummy,5_dummy,12.61854,0.20707497
2015,10,dummy,10_dummy,12.68405,0.19882035
2015,15,dummy,15_dummy,12.63622,0.20485185
2015,20,dummy,20_dummy,12.95411,0.16434056
2015,25,dummy,25_dummy,13.13249,0.14116791
2015,30,dummy,30_dummy,13.17102,0.13612188
2016,0,dummy,0_dummy,12.75524,0.15058158
2016,5,dummy,5_dummy,12.78125,0.14711437
2016,10,dummy,10_dummy,12.68113,0.16042394
2016,15,dummy,15_dummy,12.58044,0.17370357
2016,20,dummy,20_dummy,12.72207,0.15499463
2016,25,dummy,25_dummy,12.65623,0.16371810
2016,30,dummy,30_dummy,12.76092,0.14982556
2017,0,dummy,0_dummy,13.24923,0.01660023
2017,5,dummy,5_dummy,12.97835,0.05639968
2017,10,dummy,10_dummy,12.87107,0.07193479
2017,15,dummy,15_dummy,12.98165,0.05592060
2017,20,dummy,20_dummy,12.90679,0.06677701
2017,25,dummy,25_dummy,12.97570,0.05678526
2017,30,dummy,30_dummy,12.95714,0.05948160
2018,0,dummy,0_dummy,14.22307,-0.03679121
2018,5,dummy,5_dummy,13.45759,0.07180543
2018,10,dummy,10_dummy,13.15496,0.11308132
2018,15,dummy,15_dummy,13.29992,0.09342731
2018,20,dummy,20_dummy,13.30224,0.09311128
2018,25,dummy,25_dummy,13.26432,0.09827466
2018,30,dummy,30_dummy,13.12529,0.11707807
2019,0,dummy,0_dummy,14.20346,0.07607267
2019,5,dummy,5_dummy,13.82917,0.12412632
2019,10,dummy,10_dummy,13.70176,0.14019039
2019,15,dummy,15_dummy,13.84101,0.12262567
2019,20,dummy,20_dummy,13.86363,0.11975541
2019,25,dummy,25_dummy,13.83294,0.12364851
2019,30,dummy,30_dummy,13.92210,0.11231540
2015,0,no_dummy,0_no_dummy,12.71909,0.19438739
2015,5,no_dummy,5_no_dummy,12.70771,0.19582926
2015,10,no_dummy,10_no_dummy,12.76990,0.18793861
2015,15,no_dummy,15_no_dummy,12.72486,0.19365672
2015,20,no_dummy,20_no_dummy,13.03037,0.15447359
2015,25,no_dummy,25_no_dummy,13.14444,0.13960439
2015,30,no_dummy,30_no_dummy,13.10005,0.14540610
2016,0,no_dummy,0_no_dummy,12.75524,0.15058158
2016,5,no_dummy,5_no_dummy,12.83858,0.13944655
2016,10,no_dummy,10_no_dummy,12.76888,0.14876418
2016,15,no_dummy,15_no_dummy,12.70294,0.15753277
2016,20,no_dummy,20_no_dummy,12.78786,0.14623140
2016,25,no_dummy,25_no_dummy,12.85844,0.13678133
2016,30,no_dummy,30_no_dummy,12.85309,0.13749974
2017,0,no_dummy,0_no_dummy,13.27346,0.01300014
2017,5,no_dummy,5_no_dummy,13.07566,0.04219734
2017,10,no_dummy,10_no_dummy,12.93585,0.06256925
2017,15,no_dummy,15_no_dummy,12.98859,0.05490984
2017,20,no_dummy,20_no_dummy,12.91335,0.06582798
2017,25,no_dummy,25_no_dummy,13.00569,0.05241991
2017,30,no_dummy,30_no_dummy,12.97955,0.05622602
2018,0,no_dummy,0_no_dummy,14.04849,-0.01149519
2018,5,no_dummy,5_no_dummy,13.43099,0.07547113
2018,10,no_dummy,10_no_dummy,13.33110,0.08917232
2018,15,no_dummy,15_no_dummy,13.36368,0.08471470
2018,20,no_dummy,20_no_dummy,13.30189,0.09315852
2018,25,no_dummy,25_no_dummy,13.28336,0.09568408
2018,30,no_dummy,30_no_dummy,13.16560,0.11164602
2019,0,no_dummy,0_no_dummy,14.22850,0.07281306
2019,5,no_dummy,5_no_dummy,13.91630,0.11305408
2019,10,no_dummy,10_no_dummy,13.81276,0.12620343
2019,15,no_dummy,15_no_dummy,13.93595,0.11054860
2019,20,no_dummy,20_no_dummy,13.93841,0.11023414
2019,25,no_dummy,25_no_dummy,13.86116,0.12006929
2019,30,no_dummy,30_no_dummy,13.91156,0.11365818
2010,0,dummy,0_dummy,12.88758,0.11397158
2010,5,dummy,5_dummy,12.90824,0.11112835
2010,10,dummy,10_dummy,12.87995,0.11502092
2010,15,dummy,15_dummy,12.78084,0.12858795
2010,20,dummy,20_dummy,12.86370,0.11725246
2010,25,dummy,25_dummy,12.97074,0.10249982
2010,30,dummy,30_dummy,12.98337,0.10075099
2011,0,dummy,0_dummy,12.01897,0.13338403
2011,5,dummy,5_dummy,11.90849,0.14924365
2011,10,dummy,10_dummy,11.97228,0.14010419
2011,15,dummy,15_dummy,11.97754,0.13934861
2011,20,dummy,20_dummy,12.05554,0.12810244
2011,25,dummy,25_dummy,12.13011,0.11728276
2011,30,dummy,30_dummy,12.27779,0.09565909
2012,0,dummy,0_dummy,13.20545,0.05839768
2012,5,dummy,5_dummy,13.10048,0.07330663
2012,10,dummy,10_dummy,13.17283,0.06304368
2012,15,dummy,15_dummy,12.97294,0.09126278
2012,20,dummy,20_dummy,12.99212,0.08857437
2012,25,dummy,25_dummy,13.22027,0.05628322
2012,30,dummy,30_dummy,13.21550,0.05696307
2013,0,dummy,0_dummy,13.01019,0.11212965
2013,5,dummy,5_dummy,12.69295,0.15490166
2013,10,dummy,10_dummy,12.71626,0.15179552
2013,15,dummy,15_dummy,12.76988,0.14462653
2013,20,dummy,20_dummy,12.77495,0.14394688
2013,25,dummy,25_dummy,12.98045,0.11618517
2013,30,dummy,30_dummy,13.04350,0.10757776
2014,0,dummy,0_dummy,12.39737,0.11822883
2014,5,dummy,5_dummy,12.35365,0.12443618
2014,10,dummy,10_dummy,12.41208,0.11613411
2014,15,dummy,15_dummy,12.43501,0.11286574
2014,20,dummy,20_dummy,12.24993,0.13907687
2014,25,dummy,25_dummy,12.47273,0.10747518
2014,30,dummy,30_dummy,12.47492,0.10716297
2010,0,no_dummy,0_no_dummy,12.87054,0.11631355
2010,5,no_dummy,5_no_dummy,12.94612,0.10590409
2010,10,no_dummy,10_no_dummy,12.93914,0.10686811
2010,15,no_dummy,15_no_dummy,12.84582,0.11970434
2010,20,no_dummy,20_no_dummy,12.87899,0.11515203
2010,25,no_dummy,25_no_dummy,12.99964,0.09849621
2010,30,no_dummy,30_no_dummy,13.00213,0.09815080
2011,0,no_dummy,0_no_dummy,12.00525,0.13536224
2011,5,no_dummy,5_no_dummy,11.94109,0.14457925
2011,10,no_dummy,10_no_dummy,12.02258,0.13286333
2011,15,no_dummy,15_no_dummy,12.03132,0.13160246
2011,20,no_dummy,20_no_dummy,12.06674,0.12648128
2011,25,no_dummy,25_no_dummy,12.12717,0.11771046
2011,30,no_dummy,30_no_dummy,12.32960,0.08801037
2012,0,no_dummy,0_no_dummy,13.22785,0.05519940
2012,5,no_dummy,5_no_dummy,13.20692,0.05818763
2012,10,no_dummy,10_no_dummy,13.18979,0.06062943
2012,15,no_dummy,15_no_dummy,12.97743,0.09063357
2012,20,no_dummy,20_no_dummy,13.00894,0.08621230
2012,25,no_dummy,25_no_dummy,13.18510,0.06129634
2012,30,no_dummy,30_no_dummy,13.18321,0.06156618
2013,0,no_dummy,0_no_dummy,13.02831,0.10965480
2013,5,no_dummy,5_no_dummy,12.67372,0.15746051
2013,10,no_dummy,10_no_dummy,12.70018,0.15393840
2013,15,no_dummy,15_no_dummy,12.76605,0.14513965
2013,20,no_dummy,20_no_dummy,12.76418,0.14539066
2013,25,no_dummy,25_no_dummy,12.92309,0.12397819
2013,30,no_dummy,30_no_dummy,13.00125,0.11334950
2014,0,no_dummy,0_no_dummy,12.45472,0.11005118
2014,5,no_dummy,5_no_dummy,12.45141,0.11052413
2014,10,no_dummy,10_no_dummy,12.49442,0.10436943
2014,15,no_dummy,15_no_dummy,12.48469,0.10576334
2014,20,no_dummy,20_no_dummy,12.27424,0.13565644
2014,25,no_dummy,25_no_dummy,12.45264,0.11034848
2014,30,no_dummy,30_no_dummy,12.46057,0.10921524
2005,0,dummy,0_dummy,12.39136,0.07471632
2005,5,dummy,5_dummy,12.29197,0.08949993
2005,10,dummy,10_dummy,12.44905,0.06608090
2005,15,dummy,15_dummy,12.51109,0.05674827
2005,20,dummy,20_dummy,12.46529,0.06364205
2005,25,dummy,25_dummy,12.48172,0.06117188
2005,30,dummy,30_dummy,12.52069,0.05530114
2006,0,dummy,0_dummy,11.43307,0.09436899
2006,5,dummy,5_dummy,11.43767,0.09364008
2006,10,dummy,10_dummy,11.35801,0.10622143
2006,15,dummy,15_dummy,11.40679,0.09852840
2006,20,dummy,20_dummy,11.39602,0.10022925
2006,25,dummy,25_dummy,11.41736,0.09685644
2006,30,dummy,30_dummy,11.35667,0.10643232
2007,0,dummy,0_dummy,13.47857,0.05919000
2007,5,dummy,5_dummy,13.37350,0.07379974
2007,10,dummy,10_dummy,13.27578,0.08728679
2007,15,dummy,15_dummy,13.26736,0.08844340
2007,20,dummy,20_dummy,13.34361,0.07793547
2007,25,dummy,25_dummy,13.35760,0.07600147
2007,30,dummy,30_dummy,13.32580,0.08039527
2008,0,dummy,0_dummy,13.48312,0.15615148
2008,5,dummy,5_dummy,13.32492,0.17583748
2008,10,dummy,10_dummy,13.26038,0.18380139
2008,15,dummy,15_dummy,13.34429,0.17343951
2008,20,dummy,20_dummy,13.47497,0.15717131
2008,25,dummy,25_dummy,13.38211,0.16874845
2008,30,dummy,30_dummy,13.36901,0.17037439
2009,0,dummy,0_dummy,12.37786,0.10754347
2009,5,dummy,5_dummy,12.17858,0.13604848
2009,10,dummy,10_dummy,12.13245,0.14258233
2009,15,dummy,15_dummy,12.26510,0.12372977
2009,20,dummy,20_dummy,12.22098,0.13002311
2009,25,dummy,25_dummy,12.35655,0.11061409
2009,30,dummy,30_dummy,12.36735,0.10905850
2005,0,no_dummy,0_no_dummy,12.40002,0.07342157
2005,5,no_dummy,5_no_dummy,12.44389,0.06685392
2005,10,no_dummy,10_no_dummy,12.51760,0.05576727
2005,15,no_dummy,15_no_dummy,12.53481,0.05316863
2005,20,no_dummy,20_no_dummy,12.48708,0.06036592
2005,25,no_dummy,25_no_dummy,12.52666,0.05439932
2005,30,no_dummy,30_no_dummy,12.56768,0.04819579
2006,0,no_dummy,0_no_dummy,11.42735,0.09527476
2006,5,no_dummy,5_no_dummy,11.48395,0.08629017
2006,10,no_dummy,10_no_dummy,11.38272,0.10232861
2006,15,no_dummy,15_no_dummy,11.45958,0.09016437
2006,20,no_dummy,20_no_dummy,11.43811,0.09357109
2006,25,no_dummy,25_no_dummy,11.45299,0.09121079
2006,30,no_dummy,30_no_dummy,11.38234,0.10238833
2007,0,no_dummy,0_no_dummy,13.48925,0.05769848
2007,5,no_dummy,5_no_dummy,13.36980,0.07431252
2007,10,no_dummy,10_no_dummy,13.27660,0.08717404
2007,15,no_dummy,15_no_dummy,13.29200,0.08505531
2007,20,no_dummy,20_no_dummy,13.33557,0.07904658
2007,25,no_dummy,25_no_dummy,13.34021,0.07840524
2007,30,no_dummy,30_no_dummy,13.42045,0.06728620
2008,0,no_dummy,0_no_dummy,13.42025,0.16400283
2008,5,no_dummy,5_no_dummy,13.27832,0.18159176
2008,10,no_dummy,10_no_dummy,13.30949,0.17774480
2008,15,no_dummy,15_no_dummy,13.34302,0.17359678
2008,20,no_dummy,20_no_dummy,13.52104,0.15139862
2008,25,no_dummy,25_no_dummy,13.45674,0.15945107
2008,30,no_dummy,30_no_dummy,13.44229,0.16125456
2009,0,no_dummy,0_no_dummy,12.36637,0.10920072
2009,5,no_dummy,5_no_dummy,12.18480,0.13516609
2009,10,no_dummy,10_no_dummy,12.17123,0.13709221
2009,15,no_dummy,15_no_dummy,12.28926,0.12027474
2009,20,no_dummy,20_no_dummy,12.23005,0.12873111
2009,25,no_dummy,25_no_dummy,12.37959,0.10729477
2009,30,no_dummy,30_no_dummy,12.42796,0.10030451
