"season","min_minutes","side","excluded_players","n_stints","possession_exposure"
2007,0,"Home",0,20034,80810.5
2007,0,"Home",1,0,0
2007,0,"Home",2,0,0
2007,0,"Home",3,0,0
2007,0,"Home",4,0,0
2007,0,"Home",5,0,0
2007,0,"Away",0,20034,80810.5
2007,0,"Away",1,0,0
2007,0,"Away",2,0,0
2007,0,"Away",3,0,0
2007,0,"Away",4,0,0
2007,0,"Away",5,0,0
2007,5,"Home",0,19990,80677
2007,5,"Home",1,44,133.5
2007,5,"Home",2,0,0
2007,5,"Home",3,0,0
2007,5,"Home",4,0,0
2007,5,"Home",5,0,0
2007,5,"Away",0,19999,80673.5
2007,5,"Away",1,35,137
2007,5,"Away",2,0,0
2007,5,"Away",3,0,0
2007,5,"Away",4,0,0
2007,5,"Away",5,0,0
2007,10,"Home",0,19380,78382
2007,10,"Home",1,638,2387.5
2007,10,"Home",2,15,39
2007,10,"Home",3,1,2
2007,10,"Home",4,0,0
2007,10,"Home",5,0,0
2007,10,"Away",0,19423,78414
2007,10,"Away",1,584,2313.5
2007,10,"Away",2,26,80
2007,10,"Away",3,1,3
2007,10,"Away",4,0,0
2007,10,"Away",5,0,0
2007,15,"Home",0,15860,64816.5
2007,15,"Home",1,3575,13783.5
2007,15,"Home",2,531,1921
2007,15,"Home",3,59,263
2007,15,"Home",4,9,26.5
2007,15,"Home",5,0,0
2007,15,"Away",0,15674,63820
2007,15,"Away",1,3797,14863.5
2007,15,"Away",2,487,1887.5
2007,15,"Away",3,72,224.5
2007,15,"Away",4,4,15
2007,15,"Away",5,0,0
2007,20,"Home",0,6937,29075
2007,20,"Home",1,9098,36810.5
2007,20,"Home",2,3253,12139
2007,20,"Home",3,639,2342.5
2007,20,"Home",4,107,443.5
2007,20,"Home",5,0,0
2007,20,"Away",0,6802,29012.5
2007,20,"Away",1,8955,35535.5
2007,20,"Away",2,3410,12905.5
2007,20,"Away",3,763,2884
2007,20,"Away",4,101,455.5
2007,20,"Away",5,3,17.5
2007,25,"Home",0,797,4107.5
2007,25,"Home",1,4566,20203
2007,25,"Home",2,7288,28799
2007,25,"Home",3,5160,19453.5
2007,25,"Home",4,2001,7391
2007,25,"Home",5,222,856.5
2007,25,"Away",0,807,3902.5
2007,25,"Away",1,4562,20245.5
2007,25,"Away",2,7084,28077
2007,25,"Away",3,5264,19802
2007,25,"Away",4,2059,7834.5
2007,25,"Away",5,258,949
2007,30,"Home",0,30,192
2007,30,"Home",1,737,3841
2007,30,"Home",2,3861,17435
2007,30,"Home",3,6802,26900
2007,30,"Home",4,5828,21994.5
2007,30,"Home",5,2776,10448
2007,30,"Away",0,58,292
2007,30,"Away",1,648,3361.5
2007,30,"Away",2,3784,15810.5
2007,30,"Away",3,6632,26871.5
2007,30,"Away",4,5980,23212
2007,30,"Away",5,2932,11263
2008,0,"Home",0,19654,81918
2008,0,"Home",1,0,0
2008,0,"Home",2,0,0
2008,0,"Home",3,0,0
2008,0,"Home",4,0,0
2008,0,"Home",5,0,0
2008,0,"Away",0,19654,81918
2008,0,"Away",1,0,0
2008,0,"Away",2,0,0
2008,0,"Away",3,0,0
2008,0,"Away",4,0,0
2008,0,"Away",5,0,0
2008,5,"Home",0,19616,81774.5
2008,5,"Home",1,38,143.5
2008,5,"Home",2,0,0
2008,5,"Home",3,0,0
2008,5,"Home",4,0,0
2008,5,"Home",5,0,0
2008,5,"Away",0,19608,81757.5
2008,5,"Away",1,46,160.5
2008,5,"Away",2,0,0
2008,5,"Away",3,0,0
2008,5,"Away",4,0,0
2008,5,"Away",5,0,0
2008,10,"Home",0,19270,80570.5
2008,10,"Home",1,378,1333
2008,10,"Home",2,6,14.5
2008,10,"Home",3,0,0
2008,10,"Home",4,0,0
2008,10,"Home",5,0,0
2008,10,"Away",0,19176,80032
2008,10,"Away",1,472,1843
2008,10,"Away",2,6,43
2008,10,"Away",3,0,0
2008,10,"Away",4,0,0
2008,10,"Away",5,0,0
2008,15,"Home",0,15616,66231
2008,15,"Home",1,3659,14212
2008,15,"Home",2,349,1338
2008,15,"Home",3,27,131
2008,15,"Home",4,3,6
2008,15,"Home",5,0,0
2008,15,"Away",0,15585,66202
2008,15,"Away",1,3622,14051
2008,15,"Away",2,417,1553.5
2008,15,"Away",3,30,111.5
2008,15,"Away",4,0,0
2008,15,"Away",5,0,0
2008,20,"Home",0,7240,33108.5
2008,20,"Home",1,7824,31220
2008,20,"Home",2,3435,13136.5
2008,20,"Home",3,1011,3868
2008,20,"Home",4,134,519.5
2008,20,"Home",5,10,65.5
2008,20,"Away",0,7400,33690.5
2008,20,"Away",1,7605,30534.5
2008,20,"Away",2,3597,13598
2008,20,"Away",3,904,3485.5
2008,20,"Away",4,139,573
2008,20,"Away",5,9,36.5
2008,25,"Home",0,1371,6857
2008,25,"Home",1,5838,26179.5
2008,25,"Home",2,7282,29177.5
2008,25,"Home",3,3978,14991.5
2008,25,"Home",4,1051,4121.5
2008,25,"Home",5,134,591
2008,25,"Away",0,1395,6830
2008,25,"Away",1,5704,25289.5
2008,25,"Away",2,7213,29349
2008,25,"Away",3,4049,15540.5
2008,25,"Away",4,1112,4283
2008,25,"Away",5,181,626
2008,30,"Home",0,52,242.5
2008,30,"Home",1,599,3352
2008,30,"Home",2,3355,15447.5
2008,30,"Home",3,7147,29874
2008,30,"Home",4,6032,23419.5
2008,30,"Home",5,2469,9582.5
2008,30,"Away",0,72,397
2008,30,"Away",1,691,3604.5
2008,30,"Away",2,2996,14069
2008,30,"Away",3,7333,31060.5
2008,30,"Away",4,6047,23023.5
2008,30,"Away",5,2515,9763.5
2009,0,"Home",0,19131,83514.5
2009,0,"Home",1,0,0
2009,0,"Home",2,0,0
2009,0,"Home",3,0,0
2009,0,"Home",4,0,0
2009,0,"Home",5,0,0
2009,0,"Away",0,19131,83514.5
2009,0,"Away",1,0,0
2009,0,"Away",2,0,0
2009,0,"Away",3,0,0
2009,0,"Away",4,0,0
2009,0,"Away",5,0,0
2009,5,"Home",0,19082,83324
2009,5,"Home",1,48,184
2009,5,"Home",2,1,6.5
2009,5,"Home",3,0,0
2009,5,"Home",4,0,0
2009,5,"Home",5,0,0
2009,5,"Away",0,19073,83263
2009,5,"Away",1,57,246.5
2009,5,"Away",2,1,5
2009,5,"Away",3,0,0
2009,5,"Away",4,0,0
2009,5,"Away",5,0,0
2009,10,"Home",0,18741,81997
2009,10,"Home",1,384,1480.5
2009,10,"Home",2,6,37
2009,10,"Home",3,0,0
2009,10,"Home",4,0,0
2009,10,"Home",5,0,0
2009,10,"Away",0,18628,81487
2009,10,"Away",1,489,1959
2009,10,"Away",2,14,68.5
2009,10,"Away",3,0,0
2009,10,"Away",4,0,0
2009,10,"Away",5,0,0
2009,15,"Home",0,15579,68809
2009,15,"Home",1,3195,13357.5
2009,15,"Home",2,318,1213.5
2009,15,"Home",3,38,130
2009,15,"Home",4,1,4.5
2009,15,"Home",5,0,0
2009,15,"Away",0,15121,67704
2009,15,"Away",1,3461,13727.5
2009,15,"Away",2,490,1847.5
2009,15,"Away",3,54,213
2009,15,"Away",4,5,22.5
2009,15,"Away",5,0,0
2009,20,"Home",0,6908,32847.5
2009,20,"Home",1,7686,32546
2009,20,"Home",2,3731,14819.5
2009,20,"Home",3,718,2905
2009,20,"Home",4,85,357
2009,20,"Home",5,3,39.5
2009,20,"Away",0,6749,31968
2009,20,"Away",1,7716,32645.5
2009,20,"Away",2,3680,14985
2009,20,"Away",3,838,3291.5
2009,20,"Away",4,142,610
2009,20,"Away",5,6,14.5
2009,25,"Home",0,1671,8402.5
2009,25,"Home",1,5941,27781
2009,25,"Home",2,6937,28947.5
2009,25,"Home",3,3572,14296.5
2009,25,"Home",4,915,3693
2009,25,"Home",5,95,394
2009,25,"Away",0,1758,9174.5
2009,25,"Away",1,6004,27078
2009,25,"Away",2,6668,28335
2009,25,"Away",3,3485,14110.5
2009,25,"Away",4,1068,4289.5
2009,25,"Away",5,148,527
2009,30,"Home",0,40,242
2009,30,"Home",1,855,4256
2009,30,"Home",2,4491,21716
2009,30,"Home",3,6699,29345.5
2009,30,"Home",4,5298,21085
2009,30,"Home",5,1748,6870
2009,30,"Away",0,14,67.5
2009,30,"Away",1,1036,5236.5
2009,30,"Away",2,4180,20435
2009,30,"Away",3,6746,29178.5
2009,30,"Away",4,5248,21217
2009,30,"Away",5,1907,7380
2010,0,"Home",0,19571,84124.5
2010,0,"Home",1,0,0
2010,0,"Home",2,0,0
2010,0,"Home",3,0,0
2010,0,"Home",4,0,0
2010,0,"Home",5,0,0
2010,0,"Away",0,19571,84124.5
2010,0,"Away",1,0,0
2010,0,"Away",2,0,0
2010,0,"Away",3,0,0
2010,0,"Away",4,0,0
2010,0,"Away",5,0,0
2010,5,"Home",0,19508,83872
2010,5,"Home",1,58,238.5
2010,5,"Home",2,5,14
2010,5,"Home",3,0,0
2010,5,"Home",4,0,0
2010,5,"Home",5,0,0
2010,5,"Away",0,19491,83832.5
2010,5,"Away",1,71,254
2010,5,"Away",2,9,38
2010,5,"Away",3,0,0
2010,5,"Away",4,0,0
2010,5,"Away",5,0,0
2010,10,"Home",0,18972,81800.5
2010,10,"Home",1,567,2194.5
2010,10,"Home",2,32,129.5
2010,10,"Home",3,0,0
2010,10,"Home",4,0,0
2010,10,"Home",5,0,0
2010,10,"Away",0,18886,81542.5
2010,10,"Away",1,655,2461.5
2010,10,"Away",2,27,113
2010,10,"Away",3,3,7.5
2010,10,"Away",4,0,0
2010,10,"Away",5,0,0
2010,15,"Home",0,15315,67654
2010,15,"Home",1,3763,14543.5
2010,15,"Home",2,446,1735.5
2010,15,"Home",3,47,191.5
2010,15,"Home",4,0,0
2010,15,"Home",5,0,0
2010,15,"Away",0,15251,67081
2010,15,"Away",1,3811,15099
2010,15,"Away",2,430,1638
2010,15,"Away",3,74,269
2010,15,"Away",4,5,37.5
2010,15,"Away",5,0,0
2010,20,"Home",0,7636,35601
2010,20,"Home",1,7960,33226.5
2010,20,"Home",2,3026,11747.5
2010,20,"Home",3,823,3041
2010,20,"Home",4,119,470
2010,20,"Home",5,7,38.5
2010,20,"Away",0,7320,33859.5
2010,20,"Away",1,8357,34780.5
2010,20,"Away",2,2937,11750.5
2010,20,"Away",3,831,3247
2010,20,"Away",4,118,454.5
2010,20,"Away",5,8,32.5
2010,25,"Home",0,1953,9887
2010,25,"Home",1,5304,23351.5
2010,25,"Home",2,6876,29286
2010,25,"Home",3,4058,16100
2010,25,"Home",4,1184,4778.5
2010,25,"Home",5,196,721.5
2010,25,"Away",0,1633,8319
2010,25,"Away",1,5492,24510
2010,25,"Away",2,6904,29272
2010,25,"Away",3,4108,16159.5
2010,25,"Away",4,1225,5050.5
2010,25,"Away",5,209,813.5
2010,30,"Home",0,5,31.5
2010,30,"Home",1,1006,5157.5
2010,30,"Home",2,3460,16433
2010,30,"Home",3,5770,24029
2010,30,"Home",4,6720,28236.5
2010,30,"Home",5,2610,10237
2010,30,"Away",0,5,29.5
2010,30,"Away",1,951,4993
2010,30,"Away",2,3420,15922
2010,30,"Away",3,5523,23738.5
2010,30,"Away",4,6668,27834
2010,30,"Away",5,3004,11607.5
2011,0,"Home",0,20163,84325.5
2011,0,"Home",1,0,0
2011,0,"Home",2,0,0
2011,0,"Home",3,0,0
2011,0,"Home",4,0,0
2011,0,"Home",5,0,0
2011,0,"Away",0,20163,84325.5
2011,0,"Away",1,0,0
2011,0,"Away",2,0,0
2011,0,"Away",3,0,0
2011,0,"Away",4,0,0
2011,0,"Away",5,0,0
2011,5,"Home",0,20105,84112
2011,5,"Home",1,58,213.5
2011,5,"Home",2,0,0
2011,5,"Home",3,0,0
2011,5,"Home",4,0,0
2011,5,"Home",5,0,0
2011,5,"Away",0,20107,84139
2011,5,"Away",1,56,186.5
2011,5,"Away",2,0,0
2011,5,"Away",3,0,0
2011,5,"Away",4,0,0
2011,5,"Away",5,0,0
2011,10,"Home",0,19756,82822.5
2011,10,"Home",1,388,1444
2011,10,"Home",2,19,59
2011,10,"Home",3,0,0
2011,10,"Home",4,0,0
2011,10,"Home",5,0,0
2011,10,"Away",0,19624,82341.5
2011,10,"Away",1,515,1914.5
2011,10,"Away",2,24,69.5
2011,10,"Away",3,0,0
2011,10,"Away",4,0,0
2011,10,"Away",5,0,0
2011,15,"Home",0,15149,64496.5
2011,15,"Home",1,4401,17382.5
2011,15,"Home",2,540,2192
2011,15,"Home",3,71,243.5
2011,15,"Home",4,2,11
2011,15,"Home",5,0,0
2011,15,"Away",0,14954,64301
2011,15,"Away",1,4557,17518.5
2011,15,"Away",2,558,2111.5
2011,15,"Away",3,84,341
2011,15,"Away",4,10,53.5
2011,15,"Away",5,0,0
2011,20,"Home",0,7598,33733
2011,20,"Home",1,8138,33721.5
2011,20,"Home",2,3451,13337
2011,20,"Home",3,815,3019.5
2011,20,"Home",4,159,507
2011,20,"Home",5,2,7.5
2011,20,"Away",0,7398,32473.5
2011,20,"Away",1,8245,34113.5
2011,20,"Away",2,3314,12857
2011,20,"Away",3,1006,4133.5
2011,20,"Away",4,188,705.5
2011,20,"Away",5,12,42.5
2011,25,"Home",0,1123,5304.5
2011,25,"Home",1,5862,26520.5
2011,25,"Home",2,7469,29900.5
2011,25,"Home",3,4335,17149
2011,25,"Home",4,1224,4916.5
2011,25,"Home",5,150,534.5
2011,25,"Away",0,1129,5271.5
2011,25,"Away",1,5430,24425.5
2011,25,"Away",2,7378,29832
2011,25,"Away",3,4639,18576
2011,25,"Away",4,1386,5404.5
2011,25,"Away",5,201,816
2011,30,"Home",0,0,0
2011,30,"Home",1,635,3455.5
2011,30,"Home",2,2780,12718.5
2011,30,"Home",3,7058,29541.5
2011,30,"Home",4,7587,30230.5
2011,30,"Home",5,2103,8379.5
2011,30,"Away",0,0,0
2011,30,"Away",1,499,2490
2011,30,"Away",2,3017,13736
2011,30,"Away",3,6759,28178.5
2011,30,"Away",4,7404,30512.5
2011,30,"Away",5,2484,9408.5
2012,0,"Home",0,12690,49020
2012,0,"Home",1,0,0
2012,0,"Home",2,0,0
2012,0,"Home",3,0,0
2012,0,"Home",4,0,0
2012,0,"Home",5,0,0
2012,0,"Away",0,12690,49020
2012,0,"Away",1,0,0
2012,0,"Away",2,0,0
2012,0,"Away",3,0,0
2012,0,"Away",4,0,0
2012,0,"Away",5,0,0
2012,5,"Home",0,12625,48741
2012,5,"Home",1,64,272.5
2012,5,"Home",2,1,6.5
2012,5,"Home",3,0,0
2012,5,"Home",4,0,0
2012,5,"Home",5,0,0
2012,5,"Away",0,12626,48788
2012,5,"Away",1,63,229
2012,5,"Away",2,1,3
2012,5,"Away",3,0,0
2012,5,"Away",4,0,0
2012,5,"Away",5,0,0
2012,10,"Home",0,12124,46873.5
2012,10,"Home",1,490,1783
2012,10,"Home",2,57,246
2012,10,"Home",3,15,98
2012,10,"Home",4,4,19.5
2012,10,"Home",5,0,0
2012,10,"Away",0,12130,46931
2012,10,"Away",1,515,1911.5
2012,10,"Away",2,36,135
2012,10,"Away",3,6,36.5
2012,10,"Away",4,3,6
2012,10,"Away",5,0,0
2012,15,"Home",0,9066,35636
2012,15,"Home",1,2926,10924
2012,15,"Home",2,600,2032.5
2012,15,"Home",3,84,333
2012,15,"Home",4,12,83.5
2012,15,"Home",5,2,11
2012,15,"Away",0,9069,36161.5
2012,15,"Away",1,2997,10542.5
2012,15,"Away",2,549,2064.5
2012,15,"Away",3,59,189
2012,15,"Away",4,13,56.5
2012,15,"Away",5,3,6
2012,20,"Home",0,4103,16428.5
2012,20,"Home",1,5177,20423.5
2012,20,"Home",2,2395,8414
2012,20,"Home",3,825,2983.5
2012,20,"Home",4,161,627
2012,20,"Home",5,29,143.5
2012,20,"Away",0,3997,16644.5
2012,20,"Away",1,5213,19995
2012,20,"Away",2,2482,8905.5
2012,20,"Away",3,787,2747
2012,20,"Away",4,174,626
2012,20,"Away",5,37,102
2012,25,"Home",0,672,2521
2012,25,"Home",1,2921,12263.5
2012,25,"Home",2,4298,16738.5
2012,25,"Home",3,3214,11599
2012,25,"Home",4,1332,4904
2012,25,"Home",5,253,994
2012,25,"Away",0,611,2178.5
2012,25,"Away",1,2626,11242
2012,25,"Away",2,4304,17060.5
2012,25,"Away",3,3355,12345.5
2012,25,"Away",4,1492,5113.5
2012,25,"Away",5,302,1080
2012,30,"Home",0,8,38
2012,30,"Home",1,317,1210
2012,30,"Home",2,1460,5726
2012,30,"Home",3,3807,15091.5
2012,30,"Home",4,5249,20308.5
2012,30,"Home",5,1849,6646
2012,30,"Away",0,44,150.5
2012,30,"Away",1,315,1103.5
2012,30,"Away",2,1432,5633.5
2012,30,"Away",3,3494,14154
2012,30,"Away",4,5248,20410.5
2012,30,"Away",5,2157,7568
2013,0,"Home",0,16892,73062.5
2013,0,"Home",1,0,0
2013,0,"Home",2,0,0
2013,0,"Home",3,0,0
2013,0,"Home",4,0,0
2013,0,"Home",5,0,0
2013,0,"Away",0,16892,73062.5
2013,0,"Away",1,0,0
2013,0,"Away",2,0,0
2013,0,"Away",3,0,0
2013,0,"Away",4,0,0
2013,0,"Away",5,0,0
2013,5,"Home",0,16788,72719
2013,5,"Home",1,97,327.5
2013,5,"Home",2,7,16
2013,5,"Home",3,0,0
2013,5,"Home",4,0,0
2013,5,"Home",5,0,0
2013,5,"Away",0,16780,72671.5
2013,5,"Away",1,107,362.5
2013,5,"Away",2,5,28.5
2013,5,"Away",3,0,0
2013,5,"Away",4,0,0
2013,5,"Away",5,0,0
2013,10,"Home",0,16541,71635.5
2013,10,"Home",1,310,1281.5
2013,10,"Home",2,36,126.5
2013,10,"Home",3,5,19
2013,10,"Home",4,0,0
2013,10,"Home",5,0,0
2013,10,"Away",0,16432,71296.5
2013,10,"Away",1,410,1586
2013,10,"Away",2,44,149.5
2013,10,"Away",3,6,30.5
2013,10,"Away",4,0,0
2013,10,"Away",5,0,0
2013,15,"Home",0,12463,55193.5
2013,15,"Home",1,3658,14799.5
2013,15,"Home",2,633,2485.5
2013,15,"Home",3,111,476
2013,15,"Home",4,23,91.5
2013,15,"Home",5,4,16.5
2013,15,"Away",0,12120,53957
2013,15,"Away",1,3885,15749.5
2013,15,"Away",2,692,2581
2013,15,"Away",3,162,619.5
2013,15,"Away",4,25,115
2013,15,"Away",5,8,40.5
2013,20,"Home",0,5796,26677.5
2013,20,"Home",1,6579,28841.5
2013,20,"Home",2,3206,12547.5
2013,20,"Home",3,1074,4107
2013,20,"Home",4,203,768.5
2013,20,"Home",5,34,120.5
2013,20,"Away",0,5352,25445
2013,20,"Away",1,6629,28334.5
2013,20,"Away",2,3410,13635.5
2013,20,"Away",3,1240,4652.5
2013,20,"Away",4,224,832
2013,20,"Away",5,37,163
2013,25,"Home",0,745,3515
2013,25,"Home",1,4332,20067
2013,25,"Home",2,6215,27427
2013,25,"Home",3,4062,16320.5
2013,25,"Home",4,1301,4881.5
2013,25,"Home",5,237,851.5
2013,25,"Away",0,709,3743
2013,25,"Away",1,3870,17723.5
2013,25,"Away",2,6211,27118
2013,25,"Away",3,4235,17227.5
2013,25,"Away",4,1575,6133
2013,25,"Away",5,292,1117.5
2013,30,"Home",0,0,0
2013,30,"Home",1,139,715
2013,30,"Home",2,1959,9061.5
2013,30,"Home",3,5411,24151.5
2013,30,"Home",4,7134,30324
2013,30,"Home",5,2249,8810.5
2013,30,"Away",0,0,0
2013,30,"Away",1,201,982
2013,30,"Away",2,1978,9240.5
2013,30,"Away",3,5086,22859
2013,30,"Away",4,6999,29813.5
2013,30,"Away",5,2628,10167.5
2014,0,"Home",0,16994,75728
2014,0,"Home",1,0,0
2014,0,"Home",2,0,0
2014,0,"Home",3,0,0
2014,0,"Home",4,0,0
2014,0,"Home",5,0,0
2014,0,"Away",0,16994,75728
2014,0,"Away",1,0,0
2014,0,"Away",2,0,0
2014,0,"Away",3,0,0
2014,0,"Away",4,0,0
2014,0,"Away",5,0,0
2014,5,"Home",0,16914,75467.5
2014,5,"Home",1,79,256.5
2014,5,"Home",2,1,4
2014,5,"Home",3,0,0
2014,5,"Home",4,0,0
2014,5,"Home",5,0,0
2014,5,"Away",0,16929,75536.5
2014,5,"Away",1,65,191.5
2014,5,"Away",2,0,0
2014,5,"Away",3,0,0
2014,5,"Away",4,0,0
2014,5,"Away",5,0,0
2014,10,"Home",0,16254,72745
2014,10,"Home",1,678,2748.5
2014,10,"Home",2,54,203
2014,10,"Home",3,8,31.5
2014,10,"Home",4,0,0
2014,10,"Home",5,0,0
2014,10,"Away",0,16327,73097
2014,10,"Away",1,618,2471.5
2014,10,"Away",2,38,118.5
2014,10,"Away",3,11,41
2014,10,"Away",4,0,0
2014,10,"Away",5,0,0
2014,15,"Home",0,13259,59596.5
2014,15,"Home",1,3078,13390
2014,15,"Home",2,522,2185.5
2014,15,"Home",3,112,494.5
2014,15,"Home",4,21,53.5
2014,15,"Home",5,2,8
2014,15,"Away",0,12905,58450
2014,15,"Away",1,3433,14611
2014,15,"Away",2,533,2208
2014,15,"Away",3,102,397
2014,15,"Away",4,16,50.5
2014,15,"Away",5,5,11.5
2014,20,"Home",0,6125,28803
2014,20,"Home",1,6661,29277.5
2014,20,"Home",2,3149,13354.5
2014,20,"Home",3,874,3542.5
2014,20,"Home",4,166,678.5
2014,20,"Home",5,19,72
2014,20,"Away",0,5744,27753.5
2014,20,"Away",1,6712,29482.5
2014,20,"Away",2,3321,13611.5
2014,20,"Away",3,959,3813.5
2014,20,"Away",4,236,994
2014,20,"Away",5,22,73
2014,25,"Home",0,960,4621.5
2014,25,"Home",1,5032,24048
2014,25,"Home",2,6072,26398.5
2014,25,"Home",3,3574,15117
2014,25,"Home",4,1187,4890
2014,25,"Home",5,169,653
2014,25,"Away",0,954,4610.5
2014,25,"Away",1,4628,22668
2014,25,"Away",2,5980,26065.5
2014,25,"Away",3,3947,16433.5
2014,25,"Away",4,1239,4974.5
2014,25,"Away",5,246,976
2014,30,"Home",0,80,477
2014,30,"Home",1,1165,5949
2014,30,"Home",2,2461,11707.5
2014,30,"Home",3,4316,19547.5
2014,30,"Home",4,6537,28141
2014,30,"Home",5,2435,9906
2014,30,"Away",0,66,375
2014,30,"Away",1,1109,5866.5
2014,30,"Away",2,2464,11696.5
2014,30,"Away",3,4175,18872.5
2014,30,"Away",4,6643,28534.5
2014,30,"Away",5,2537,10383
2015,0,"Home",0,18019,75978.5
2015,0,"Home",1,0,0
2015,0,"Home",2,0,0
2015,0,"Home",3,0,0
2015,0,"Home",4,0,0
2015,0,"Home",5,0,0
2015,0,"Away",0,18019,75978.5
2015,0,"Away",1,0,0
2015,0,"Away",2,0,0
2015,0,"Away",3,0,0
2015,0,"Away",4,0,0
2015,0,"Away",5,0,0
2015,5,"Home",0,17946,75742
2015,5,"Home",1,70,217
2015,5,"Home",2,3,19.5
2015,5,"Home",3,0,0
2015,5,"Home",4,0,0
2015,5,"Home",5,0,0
2015,5,"Away",0,17928,75712
2015,5,"Away",1,85,248.5
2015,5,"Away",2,6,18
2015,5,"Away",3,0,0
2015,5,"Away",4,0,0
2015,5,"Away",5,0,0
2015,10,"Home",0,17255,73040.5
2015,10,"Home",1,716,2749.5
2015,10,"Home",2,44,166.5
2015,10,"Home",3,4,22
2015,10,"Home",4,0,0
2015,10,"Home",5,0,0
2015,10,"Away",0,17240,73026.5
2015,10,"Away",1,718,2704.5
2015,10,"Away",2,55,236.5
2015,10,"Away",3,6,11
2015,10,"Away",4,0,0
2015,10,"Away",5,0,0
2015,15,"Home",0,14251,60637
2015,15,"Home",1,3219,13243
2015,15,"Home",2,466,1758
2015,15,"Home",3,69,275
2015,15,"Home",4,11,48.5
2015,15,"Home",5,3,17
2015,15,"Away",0,14019,59742
2015,15,"Away",1,3363,13660.5
2015,15,"Away",2,538,2214.5
2015,15,"Away",3,85,311.5
2015,15,"Away",4,14,50
2015,15,"Away",5,0,0
2015,20,"Home",0,5894,26650.5
2015,20,"Home",1,7329,30984.5
2015,20,"Home",2,3492,13327
2015,20,"Home",3,1135,4303
2015,20,"Home",4,159,669
2015,20,"Home",5,10,44.5
2015,20,"Away",0,5772,25798.5
2015,20,"Away",1,7490,31547
2015,20,"Away",2,3500,13703
2015,20,"Away",3,1056,4141.5
2015,20,"Away",4,189,748.5
2015,20,"Away",5,12,40
2015,25,"Home",0,629,2900
2015,25,"Home",1,4156,19537
2015,25,"Home",2,5953,25131.5
2015,25,"Home",3,4800,18806
2015,25,"Home",4,2114,8223.5
2015,25,"Home",5,367,1380.5
2015,25,"Away",0,727,3226
2015,25,"Away",1,4033,18762.5
2015,25,"Away",2,6022,25284
2015,25,"Away",3,4731,18777
2015,25,"Away",4,2066,8326
2015,25,"Away",5,440,1603
2015,30,"Home",0,12,53.5
2015,30,"Home",1,317,1593
2015,30,"Home",2,1503,7252
2015,30,"Home",3,3860,16624.5
2015,30,"Home",4,7937,33151
2015,30,"Home",5,4390,17304.5
2015,30,"Away",0,17,76.5
2015,30,"Away",1,271,1459.5
2015,30,"Away",2,1385,6532
2015,30,"Away",3,4058,17652
2015,30,"Away",4,7918,32849
2015,30,"Away",5,4370,17409.5
2016,0,"Home",0,18453,75795.5
2016,0,"Home",1,0,0
2016,0,"Home",2,0,0
2016,0,"Home",3,0,0
2016,0,"Home",4,0,0
2016,0,"Home",5,0,0
2016,0,"Away",0,18453,75795.5
2016,0,"Away",1,0,0
2016,0,"Away",2,0,0
2016,0,"Away",3,0,0
2016,0,"Away",4,0,0
2016,0,"Away",5,0,0
2016,5,"Home",0,18347,75419
2016,5,"Home",1,98,348
2016,5,"Home",2,8,28.5
2016,5,"Home",3,0,0
2016,5,"Home",4,0,0
2016,5,"Home",5,0,0
2016,5,"Away",0,18360,75483.5
2016,5,"Away",1,91,295
2016,5,"Away",2,2,17
2016,5,"Away",3,0,0
2016,5,"Away",4,0,0
2016,5,"Away",5,0,0
2016,10,"Home",0,17755,73255
2016,10,"Home",1,659,2408
2016,10,"Home",2,35,118.5
2016,10,"Home",3,4,14
2016,10,"Home",4,0,0
2016,10,"Home",5,0,0
2016,10,"Away",0,17591,72557
2016,10,"Away",1,808,3100.5
2016,10,"Away",2,46,119.5
2016,10,"Away",3,7,15.5
2016,10,"Away",4,1,3
2016,10,"Away",5,0,0
2016,15,"Home",0,13964,57959.5
2016,15,"Home",1,3867,15434
2016,15,"Home",2,510,1995.5
2016,15,"Home",3,83,295.5
2016,15,"Home",4,24,93
2016,15,"Home",5,5,18
2016,15,"Away",0,13250,55024
2016,15,"Away",1,4275,17135.5
2016,15,"Away",2,751,3060.5
2016,15,"Away",3,133,430
2016,15,"Away",4,32,119.5
2016,15,"Away",5,12,26
2016,20,"Home",0,6084,25636.5
2016,20,"Home",1,7723,32196
2016,20,"Home",2,3483,13607
2016,20,"Home",3,962,3582.5
2016,20,"Home",4,169,665.5
2016,20,"Home",5,32,108
2016,20,"Away",0,5841,24861
2016,20,"Away",1,7522,30775
2016,20,"Away",2,3724,14906
2016,20,"Away",3,1095,4255
2016,20,"Away",4,229,828.5
2016,20,"Away",5,42,170
2016,25,"Home",0,713,3352
2016,25,"Home",1,3526,14467
2016,25,"Home",2,6885,28900
2016,25,"Home",3,5403,21733
2016,25,"Home",4,1695,6438.5
2016,25,"Home",5,231,905
2016,25,"Away",0,695,3258
2016,25,"Away",1,3431,14202.5
2016,25,"Away",2,6595,27032
2016,25,"Away",3,5475,22582
2016,25,"Away",4,1900,7341
2016,25,"Away",5,357,1380
2016,30,"Home",0,0,0
2016,30,"Home",1,115,454
2016,30,"Home",2,826,3691.5
2016,30,"Home",3,4988,21595.5
2016,30,"Home",4,8770,35912.5
2016,30,"Home",5,3754,14142
2016,30,"Away",0,0,0
2016,30,"Away",1,158,667
2016,30,"Away",2,896,4106
2016,30,"Away",3,5139,22224
2016,30,"Away",4,8148,33069
2016,30,"Away",5,4112,15729.5
2017,0,"Home",0,18445,79872.5
2017,0,"Home",1,0,0
2017,0,"Home",2,0,0
2017,0,"Home",3,0,0
2017,0,"Home",4,0,0
2017,0,"Home",5,0,0
2017,0,"Away",0,18445,79872.5
2017,0,"Away",1,0,0
2017,0,"Away",2,0,0
2017,0,"Away",3,0,0
2017,0,"Away",4,0,0
2017,0,"Away",5,0,0
2017,5,"Home",0,18297,79298.5
2017,5,"Home",1,136,508
2017,5,"Home",2,12,66
2017,5,"Home",3,0,0
2017,5,"Home",4,0,0
2017,5,"Home",5,0,0
2017,5,"Away",0,18309,79356.5
2017,5,"Away",1,122,449.5
2017,5,"Away",2,14,66.5
2017,5,"Away",3,0,0
2017,5,"Away",4,0,0
2017,5,"Away",5,0,0
2017,10,"Home",0,17670,76809
2017,10,"Home",1,690,2720.5
2017,10,"Home",2,75,298.5
2017,10,"Home",3,10,44.5
2017,10,"Home",4,0,0
2017,10,"Home",5,0,0
2017,10,"Away",0,17677,76812.5
2017,10,"Away",1,671,2654
2017,10,"Away",2,83,358.5
2017,10,"Away",3,14,47.5
2017,10,"Away",4,0,0
2017,10,"Away",5,0,0
2017,15,"Home",0,14497,62790.5
2017,15,"Home",1,3423,14935.5
2017,15,"Home",2,418,1696.5
2017,15,"Home",3,100,426
2017,15,"Home",4,7,24
2017,15,"Home",5,0,0
2017,15,"Away",0,13966,61008.5
2017,15,"Away",1,3749,15955
2017,15,"Away",2,600,2376.5
2017,15,"Away",3,117,485
2017,15,"Away",4,11,46
2017,15,"Away",5,2,1.5
2017,20,"Home",0,5949,26314.5
2017,20,"Home",1,8024,35385
2017,20,"Home",2,3408,13975
2017,20,"Home",3,854,3377
2017,20,"Home",4,189,725
2017,20,"Home",5,21,96
2017,20,"Away",0,5771,26103.5
2017,20,"Away",1,7733,33809
2017,20,"Away",2,3680,15088.5
2017,20,"Away",3,1029,3991
2017,20,"Away",4,216,829
2017,20,"Away",5,16,51.5
2017,25,"Home",0,955,4258.5
2017,25,"Home",1,4851,22607
2017,25,"Home",2,6619,29234.5
2017,25,"Home",3,4103,16318.5
2017,25,"Home",4,1621,6272.5
2017,25,"Home",5,296,1181.5
2017,25,"Away",0,933,4411
2017,25,"Away",1,4565,21238
2017,25,"Away",2,6547,28486
2017,25,"Away",3,4396,17695.5
2017,25,"Away",4,1702,6773.5
2017,25,"Away",5,302,1268.5
2017,30,"Home",0,0,0
2017,30,"Home",1,228,1200.5
2017,30,"Home",2,1616,7824.5
2017,30,"Home",3,5113,22503.5
2017,30,"Home",4,7272,30982
2017,30,"Home",5,4216,17362
2017,30,"Away",0,0,0
2017,30,"Away",1,196,1093
2017,30,"Away",2,1300,6408
2017,30,"Away",3,5093,23009
2017,30,"Away",4,7218,30225
2017,30,"Away",5,4638,19137.5
2018,0,"Home",0,25870,82699.5
2018,0,"Home",1,0,0
2018,0,"Home",2,0,0
2018,0,"Home",3,0,0
2018,0,"Home",4,0,0
2018,0,"Home",5,0,0
2018,0,"Away",0,25870,82699.5
2018,0,"Away",1,0,0
2018,0,"Away",2,0,0
2018,0,"Away",3,0,0
2018,0,"Away",4,0,0
2018,0,"Away",5,0,0
2018,5,"Home",0,25675,82101
2018,5,"Home",1,177,542.5
2018,5,"Home",2,18,56
2018,5,"Home",3,0,0
2018,5,"Home",4,0,0
2018,5,"Home",5,0,0
2018,5,"Away",0,25566,81763
2018,5,"Away",1,274,842
2018,5,"Away",2,29,92.5
2018,5,"Away",3,1,2
2018,5,"Away",4,0,0
2018,5,"Away",5,0,0
2018,10,"Home",0,23718,76133.5
2018,10,"Home",1,1869,5612.5
2018,10,"Home",2,229,747
2018,10,"Home",3,43,153.5
2018,10,"Home",4,11,53
2018,10,"Home",5,0,0
2018,10,"Away",0,23368,75165
2018,10,"Away",1,2172,6411.5
2018,10,"Away",2,242,848.5
2018,10,"Away",3,64,201.5
2018,10,"Away",4,24,73
2018,10,"Away",5,0,0
2018,15,"Home",0,16602,55256
2018,15,"Home",1,6945,20187.5
2018,15,"Home",2,1751,5329
2018,15,"Home",3,456,1493.5
2018,15,"Home",4,96,343.5
2018,15,"Home",5,20,90
2018,15,"Away",0,16067,53633
2018,15,"Away",1,7271,21329.5
2018,15,"Away",2,1907,5598.5
2018,15,"Away",3,482,1638.5
2018,15,"Away",4,112,398
2018,15,"Away",5,31,102
2018,20,"Home",0,8227,30017
2018,20,"Home",1,8481,26351
2018,20,"Home",2,5296,14575
2018,20,"Home",3,2708,7947.5
2018,20,"Home",4,919,2950
2018,20,"Home",5,239,859
2018,20,"Away",0,7434,27733
2018,20,"Away",1,8622,27154.5
2018,20,"Away",2,5569,15084
2018,20,"Away",3,3008,8692
2018,20,"Away",4,965,3102
2018,20,"Away",5,272,934
2018,25,"Home",0,2852,12478.5
2018,25,"Home",1,5790,20147
2018,25,"Home",2,6709,19924.5
2018,25,"Home",3,5539,15200
2018,25,"Home",4,3475,9983
2018,25,"Home",5,1505,4966.5
2018,25,"Away",0,2470,10956
2018,25,"Away",1,5715,20094.5
2018,25,"Away",2,6797,20326.5
2018,25,"Away",3,5584,15475.5
2018,25,"Away",4,3787,10857.5
2018,25,"Away",5,1517,4989.5
2018,30,"Home",0,304,1313
2018,30,"Home",1,1238,5109.5
2018,30,"Home",2,4346,15830
2018,30,"Home",3,8003,24971
2018,30,"Home",4,7446,21159.5
2018,30,"Home",5,4533,14316.5
2018,30,"Away",0,278,1294.5
2018,30,"Away",1,1205,5051
2018,30,"Away",2,4051,14650.5
2018,30,"Away",3,7912,25034
2018,30,"Away",4,7508,21308
2018,30,"Away",5,4916,15361.5
2019,0,"Home",0,26044,84413.5
2019,0,"Home",1,0,0
2019,0,"Home",2,0,0
2019,0,"Home",3,0,0
2019,0,"Home",4,0,0
2019,0,"Home",5,0,0
2019,0,"Away",0,26044,84413.5
2019,0,"Away",1,0,0
2019,0,"Away",2,0,0
2019,0,"Away",3,0,0
2019,0,"Away",4,0,0
2019,0,"Away",5,0,0
2019,5,"Home",0,25832,83633.5
2019,5,"Home",1,173,582.5
2019,5,"Home",2,34,167.5
2019,5,"Home",3,5,30
2019,5,"Home",4,0,0
2019,5,"Home",5,0,0
2019,5,"Away",0,25820,83632.5
2019,5,"Away",1,193,648
2019,5,"Away",2,27,115.5
2019,5,"Away",3,4,17.5
2019,5,"Away",4,0,0
2019,5,"Away",5,0,0
2019,10,"Home",0,23724,77354
2019,10,"Home",1,1950,5674.5
2019,10,"Home",2,299,1029
2019,10,"Home",3,61,296
2019,10,"Home",4,10,60
2019,10,"Home",5,0,0
2019,10,"Away",0,23520,76897
2019,10,"Away",1,2115,6070.5
2019,10,"Away",2,326,1100.5
2019,10,"Away",3,67,243
2019,10,"Away",4,16,102.5
2019,10,"Away",5,0,0
2019,15,"Home",0,17284,58235.5
2019,15,"Home",1,6505,19030
2019,15,"Home",2,1625,4905.5
2019,15,"Home",3,470,1543
2019,15,"Home",4,133,553
2019,15,"Home",5,27,146.5
2019,15,"Away",0,17051,57693.5
2019,15,"Away",1,6397,18650
2019,15,"Away",2,1920,5711.5
2019,15,"Away",3,492,1625.5
2019,15,"Away",4,163,617.5
2019,15,"Away",5,21,115.5
2019,20,"Home",0,8038,30035
2019,20,"Home",1,8617,26795.5
2019,20,"Home",2,5239,14711
2019,20,"Home",3,2856,8436.5
2019,20,"Home",4,979,3116
2019,20,"Home",5,315,1319.5
2019,20,"Away",0,7921,29750.5
2019,20,"Away",1,8439,26544.5
2019,20,"Away",2,5410,15229
2019,20,"Away",3,2885,8262.5
2019,20,"Away",4,1074,3418
2019,20,"Away",5,315,1209
2019,25,"Home",0,2441,9925
2019,25,"Home",1,6632,24884
2019,25,"Home",2,7417,21542
2019,25,"Home",3,5601,15717
2019,25,"Home",4,2970,8677
2019,25,"Home",5,983,3668.5
2019,25,"Away",0,2469,9943.5
2019,25,"Away",1,6461,24285
2019,25,"Away",2,7182,21285.5
2019,25,"Away",3,5830,16353
2019,25,"Away",4,3051,8914.5
2019,25,"Away",5,1051,3632
2019,30,"Home",0,46,242
2019,30,"Home",1,1071,4785.5
2019,30,"Home",2,3159,11830.5
2019,30,"Home",3,7848,25919.5
2019,30,"Home",4,8891,26323.5
2019,30,"Home",5,5029,15312.5
2019,30,"Away",0,52,217.5
2019,30,"Away",1,1030,4678.5
2019,30,"Away",2,3116,11761
2019,30,"Away",3,7686,25502
2019,30,"Away",4,9127,27186
2019,30,"Away",5,5033,15068.5
2022,0,"Home",0,31924,92524
2022,0,"Home",1,0,0
2022,0,"Home",2,0,0
2022,0,"Home",3,0,0
2022,0,"Home",4,0,0
2022,0,"Home",5,0,0
2022,0,"Away",0,31924,92524
2022,0,"Away",1,0,0
2022,0,"Away",2,0,0
2022,0,"Away",3,0,0
2022,0,"Away",4,0,0
2022,0,"Away",5,0,0
2022,5,"Home",0,31676,91758.5
2022,5,"Home",1,200,611
2022,5,"Home",2,39,130.5
2022,5,"Home",3,7,19.5
2022,5,"Home",4,2,4.5
2022,5,"Home",5,0,0
2022,5,"Away",0,31643,91601
2022,5,"Away",1,225,715.5
2022,5,"Away",2,52,184
2022,5,"Away",3,3,22
2022,5,"Away",4,0,0
2022,5,"Away",5,1,1.5
2022,10,"Home",0,28641,83541
2022,10,"Home",1,2725,7168.5
2022,10,"Home",2,414,1253.5
2022,10,"Home",3,106,433.5
2022,10,"Home",4,32,109
2022,10,"Home",5,6,18.5
2022,10,"Away",0,28059,82431
2022,10,"Away",1,3248,8203
2022,10,"Away",2,445,1293
2022,10,"Away",3,127,433
2022,10,"Away",4,41,150
2022,10,"Away",5,4,14
2022,15,"Home",0,19013,58613.5
2022,15,"Home",1,9055,23472
2022,15,"Home",2,2708,6976.5
2022,15,"Home",3,800,2134.5
2022,15,"Home",4,256,959.5
2022,15,"Home",5,92,368
2022,15,"Away",0,18375,57431
2022,15,"Away",1,9420,23953
2022,15,"Away",2,2891,7413.5
2022,15,"Away",3,849,2309
2022,15,"Away",4,292,999
2022,15,"Away",5,97,418.5
2022,20,"Home",0,9418,32535
2022,20,"Home",1,10894,29699
2022,20,"Home",2,6701,17163.5
2022,20,"Home",3,3229,8113.5
2022,20,"Home",4,1219,3351
2022,20,"Home",5,463,1662
2022,20,"Away",0,8941,30841.5
2022,20,"Away",1,10871,30258.5
2022,20,"Away",2,6832,17377
2022,20,"Away",3,3343,8257
2022,20,"Away",4,1364,3907
2022,20,"Away",5,573,1883
2022,25,"Home",0,3351,12885
2022,25,"Home",1,7591,23847
2022,25,"Home",2,9164,24898
2022,25,"Home",3,6835,17214.5
2022,25,"Home",4,3609,9253
2022,25,"Home",5,1374,4426.5
2022,25,"Away",0,3218,12577.5
2022,25,"Away",1,7121,22382
2022,25,"Away",2,9039,24745
2022,25,"Away",3,7054,17890.5
2022,25,"Away",4,3863,9988
2022,25,"Away",5,1629,4941
2022,30,"Home",0,49,267.5
2022,30,"Home",1,1086,4318
2022,30,"Home",2,5219,17976.5
2022,30,"Home",3,10908,31003.5
2022,30,"Home",4,10025,25804
2022,30,"Home",5,4637,13154.5
2022,30,"Away",0,70,346
2022,30,"Away",1,1102,4545
2022,30,"Away",2,5005,17337
2022,30,"Away",3,10423,29580.5
2022,30,"Away",4,10193,26266.5
2022,30,"Away",5,5131,14449
2023,0,"Home",0,32688,95108.5
2023,0,"Home",1,0,0
2023,0,"Home",2,0,0
2023,0,"Home",3,0,0
2023,0,"Home",4,0,0
2023,0,"Home",5,0,0
2023,0,"Away",0,32688,95108.5
2023,0,"Away",1,0,0
2023,0,"Away",2,0,0
2023,0,"Away",3,0,0
2023,0,"Away",4,0,0
2023,0,"Away",5,0,0
2023,5,"Home",0,32389,94110
2023,5,"Home",1,263,881
2023,5,"Home",2,30,93.5
2023,5,"Home",3,5,22.5
2023,5,"Home",4,1,1.5
2023,5,"Home",5,0,0
2023,5,"Away",0,32278,93832.5
2023,5,"Away",1,363,1098
2023,5,"Away",2,42,156
2023,5,"Away",3,5,22
2023,5,"Away",4,0,0
2023,5,"Away",5,0,0
2023,10,"Home",0,29754,86794
2023,10,"Home",1,2488,6845.5
2023,10,"Home",2,335,1074
2023,10,"Home",3,83,303.5
2023,10,"Home",4,22,78
2023,10,"Home",5,6,13.5
2023,10,"Away",0,29155,85540
2023,10,"Away",1,2867,7522.5
2023,10,"Away",2,518,1524
2023,10,"Away",3,120,411.5
2023,10,"Away",4,21,72
2023,10,"Away",5,7,38.5
2023,15,"Home",0,19704,60452
2023,15,"Home",1,9047,23844
2023,15,"Home",2,3060,8048
2023,15,"Home",3,641,1887.5
2023,15,"Home",4,174,669.5
2023,15,"Home",5,62,207.5
2023,15,"Away",0,19051,58955
2023,15,"Away",1,9079,23660.5
2023,15,"Away",2,3215,8290
2023,15,"Away",3,973,2935
2023,15,"Away",4,294,951.5
2023,15,"Away",5,76,316.5
2023,20,"Home",0,10261,35390.5
2023,20,"Home",1,10583,28821
2023,20,"Home",2,6871,17408.5
2023,20,"Home",3,3603,9233.5
2023,20,"Home",4,1081,3095.5
2023,20,"Home",5,289,1159.5
2023,20,"Away",0,10049,35026.5
2023,20,"Away",1,10284,27867.5
2023,20,"Away",2,6843,16996
2023,20,"Away",3,3744,9892.5
2023,20,"Away",4,1304,3668.5
2023,20,"Away",5,464,1657.5
2023,25,"Home",0,3844,15107.5
2023,25,"Home",1,7869,25165.5
2023,25,"Home",2,8772,22749
2023,25,"Home",3,7343,18374.5
2023,25,"Home",4,3835,10439
2023,25,"Home",5,1025,3273
2023,25,"Away",0,3652,14539
2023,25,"Away",1,7585,24225.5
2023,25,"Away",2,9020,23381.5
2023,25,"Away",3,7071,17918.5
2023,25,"Away",4,3971,10557
2023,25,"Away",5,1389,4487
2023,30,"Home",0,195,855
2023,30,"Home",1,2493,9627.5
2023,30,"Home",2,6418,20315
2023,30,"Home",3,9678,26915.5
2023,30,"Home",4,10276,26994.5
2023,30,"Home",5,3628,10401
2023,30,"Away",0,193,867.5
2023,30,"Away",1,2163,8695.5
2023,30,"Away",2,6057,19269.5
2023,30,"Away",3,9919,27230.5
2023,30,"Away",4,10157,26916
2023,30,"Away",5,4199,12129.5
2024,0,"Home",0,30320,90065
2024,0,"Home",1,0,0
2024,0,"Home",2,0,0
2024,0,"Home",3,0,0
2024,0,"Home",4,0,0
2024,0,"Home",5,0,0
2024,0,"Away",0,30320,90065
2024,0,"Away",1,0,0
2024,0,"Away",2,0,0
2024,0,"Away",3,0,0
2024,0,"Away",4,0,0
2024,0,"Away",5,0,0
2024,5,"Home",0,29912,88706.5
2024,5,"Home",1,314,1013
2024,5,"Home",2,74,265.5
2024,5,"Home",3,17,68.5
2024,5,"Home",4,3,11.5
2024,5,"Home",5,0,0
2024,5,"Away",0,29757,88289
2024,5,"Away",1,440,1315
2024,5,"Away",2,94,364
2024,5,"Away",3,26,85
2024,5,"Away",4,2,5.5
2024,5,"Away",5,1,6.5
2024,10,"Home",0,26739,79954
2024,10,"Home",1,2939,7770.5
2024,10,"Home",2,389,1224
2024,10,"Home",3,168,739
2024,10,"Home",4,75,317
2024,10,"Home",5,10,60.5
2024,10,"Away",0,26549,79451.5
2024,10,"Away",1,2944,7885
2024,10,"Away",2,573,1710
2024,10,"Away",3,154,603.5
2024,10,"Away",4,90,366
2024,10,"Away",5,10,49
2024,15,"Home",0,17655,56347
2024,15,"Home",1,8633,22450.5
2024,15,"Home",2,2831,7268.5
2024,15,"Home",3,750,2204.5
2024,15,"Home",4,319,1237.5
2024,15,"Home",5,132,557
2024,15,"Away",0,17639,56038.5
2024,15,"Away",1,8466,22433.5
2024,15,"Away",2,2929,7501.5
2024,15,"Away",3,808,2315.5
2024,15,"Away",4,348,1191.5
2024,15,"Away",5,130,584.5
2024,20,"Home",0,8857,31926.5
2024,20,"Home",1,9981,27857.5
2024,20,"Home",2,6714,17196
2024,20,"Home",3,3288,8343.5
2024,20,"Home",4,1042,2891.5
2024,20,"Home",5,438,1850
2024,20,"Away",0,8728,30918.5
2024,20,"Away",1,10200,28622.5
2024,20,"Away",2,6652,17387.5
2024,20,"Away",3,3073,8010
2024,20,"Away",4,1184,3343
2024,20,"Away",5,483,1783.5
2024,25,"Home",0,4063,16254.5
2024,25,"Home",1,7710,24187.5
2024,25,"Home",2,8038,21445
2024,25,"Home",3,6492,16728.5
2024,25,"Home",4,2848,7424
2024,25,"Home",5,1169,4025.5
2024,25,"Away",0,4010,15941
2024,25,"Away",1,7663,23802
2024,25,"Away",2,8257,21749
2024,25,"Away",3,6154,16368
2024,25,"Away",4,2969,7939
2024,25,"Away",5,1267,4266
2024,30,"Home",0,363,1733.5
2024,30,"Home",1,1461,5474
2024,30,"Home",2,5325,18399.5
2024,30,"Home",3,9257,25729.5
2024,30,"Home",4,10292,28066
2024,30,"Home",5,3622,10662.5
2024,30,"Away",0,325,1656
2024,30,"Away",1,1246,4603.5
2024,30,"Away",2,5523,18780.5
2024,30,"Away",3,9132,25626.5
2024,30,"Away",4,10001,27361
2024,30,"Away",5,4093,12037.5
2025,0,"Home",0,31153,90139
2025,0,"Home",1,0,0
2025,0,"Home",2,0,0
2025,0,"Home",3,0,0
2025,0,"Home",4,0,0
2025,0,"Home",5,0,0
2025,0,"Away",0,31153,90139
2025,0,"Away",1,0,0
2025,0,"Away",2,0,0
2025,0,"Away",3,0,0
2025,0,"Away",4,0,0
2025,0,"Away",5,0,0
2025,5,"Home",0,30697,88546
2025,5,"Home",1,361,1170
2025,5,"Home",2,66,301.5
2025,5,"Home",3,29,121.5
2025,5,"Home",4,0,0
2025,5,"Home",5,0,0
2025,5,"Away",0,30598,88348
2025,5,"Away",1,465,1442.5
2025,5,"Away",2,78,304
2025,5,"Away",3,12,44.5
2025,5,"Away",4,0,0
2025,5,"Away",5,0,0
2025,10,"Home",0,27413,79667.5
2025,10,"Home",1,2941,7758.5
2025,10,"Home",2,488,1438
2025,10,"Home",3,183,701
2025,10,"Home",4,105,464.5
2025,10,"Home",5,23,109.5
2025,10,"Away",0,27824,80954
2025,10,"Away",1,2617,6840
2025,10,"Away",2,432,1288
2025,10,"Away",3,183,653.5
2025,10,"Away",4,73,324
2025,10,"Away",5,24,79.5
2025,15,"Home",0,18957,57680
2025,15,"Home",1,8533,22081
2025,15,"Home",2,2536,6628
2025,15,"Home",3,666,1887
2025,15,"Home",4,302,1132.5
2025,15,"Home",5,159,730.5
2025,15,"Away",0,19314,58644
2025,15,"Away",1,8272,21681
2025,15,"Away",2,2462,6271.5
2025,15,"Away",3,690,2061
2025,15,"Away",4,270,890
2025,15,"Away",5,145,591.5
2025,20,"Home",0,9227,31475.5
2025,20,"Home",1,10303,28156.5
2025,20,"Home",2,6953,17651.5
2025,20,"Home",3,3341,8537
2025,20,"Home",4,966,2773
2025,20,"Home",5,363,1545.5
2025,20,"Away",0,9754,32921
2025,20,"Away",1,10233,27971
2025,20,"Away",2,6650,16736
2025,20,"Away",3,3104,8119
2025,20,"Away",4,1028,2964.5
2025,20,"Away",5,384,1427.5
2025,25,"Home",0,3110,11707
2025,25,"Home",1,6904,21857
2025,25,"Home",2,8477,22941.5
2025,25,"Home",3,7658,19719
2025,25,"Home",4,3823,10034
2025,25,"Home",5,1181,3880.5
2025,25,"Away",0,3144,12474
2025,25,"Away",1,6933,21210.5
2025,25,"Away",2,8903,24291
2025,25,"Away",3,7515,19248.5
2025,25,"Away",4,3581,9293
2025,25,"Away",5,1077,3622
2025,30,"Home",0,572,2297
2025,30,"Home",1,2203,8030.5
2025,30,"Home",2,5184,15853.5
2025,30,"Home",3,9411,26870
2025,30,"Home",4,9491,25039.5
2025,30,"Home",5,4292,12048.5
2025,30,"Away",0,594,2624
2025,30,"Away",1,2167,7794.5
2025,30,"Away",2,5164,15948
2025,30,"Away",3,9749,27571.5
2025,30,"Away",4,9559,24977
2025,30,"Away",5,3920,11224
