"season","min_minutes","dummy_penalty_ratio","n_players_inner","n_players_outer","inner_dummy_lambda","inner_no_dummy_lambda","inner_dummy_RMSE","inner_dummy_R2","inner_no_dummy_RMSE","inner_no_dummy_R2","neutral_inner_RMSE","outer_dummy_lambda","outer_no_dummy_lambda","outer_dummy_RMSE","outer_dummy_R2","outer_no_dummy_RMSE","outer_no_dummy_R2"
2007,10,1,386,411,12.8078869646318,11.6700695867096,11.944740369889,0.0970861940040558,11.9534931317355,0.0957624506980401,11.9491167508122,4.53635034824729,4.53635034824729,12.6364832475912,0.116873373475711,12.6475491143108,0.11532597451856
2008,10,1,385,407,6.53738026442712,6.53738026442712,12.391146748207,0.157235158062392,12.382796612084,0.158370618755587,12.3869716801455,4.45563159457281,4.45563159457281,12.5527458697274,0.236104674441922,12.5336067882799,0.23843231005346
2009,10,1,374,398,5.84893640899447,5.84893640899447,12.1689958837653,0.14851072608683,12.1665366282653,0.148854849481534,12.1677662560153,3.36710949677689,3.36710949677689,11.5651741987549,0.154310594587171,11.5699898561368,0.153606169690724
2010,10,1,372,400,6.64413101257459,6.05388472540986,12.5949968246908,0.076349394294938,12.5745135051314,0.0793512284976513,12.5847551649111,4.93166710245552,4.49355138931746,12.1256062814464,0.198238485599254,12.0627909547796,0.206523838198976
2011,10,1,405,417,6.33509694280288,6.33509694280288,11.1940770039564,0.179518563816351,11.194882666232,0.179400455868973,11.1944798350942,5.17405475440868,4.71440599031946,12.1640010497857,0.170242789383613,12.1751329127589,0.168723392924156
2012,10,1,308,402,50.4022590426761,45.9246612637716,12.7394661606324,0.0806058094142993,12.703241623464,0.0858269510115962,12.7213538920482,5.1477905686116,4.69047504240146,12.6172909291539,0.11392866298271,12.6762528507803,0.105627904767814
2013,10,1,392,418,6.36240534973564,6.36240534973564,12.4812358953538,0.119760453348087,12.3476770737563,0.138498140265692,12.414456484555,4.37463299979137,3.98600266108368,12.4105213730941,0.168290615599595,12.3895364168429,0.171100913177394
2014,10,1,382,419,5.68555150856927,5.68555150856927,12.4885345944442,0.157164378467486,12.4751148791513,0.158974764948189,12.4818247367978,4.68175370189344,4.68175370189344,11.7753872910774,0.179366700956047,11.8326519972164,0.171365674779482
2015,10,1,394,424,4.85733717592073,4.85733717592073,12.4992124042046,0.137468444130887,12.4878020841581,0.139042506335089,12.4935072441813,4.32190993278547,4.32190993278547,12.1518685171424,0.223632567507721,12.2106048668029,0.216109247837895
2016,10,1,390,408,6.95538213175222,6.95538213175222,11.9094277730628,0.191978921503007,11.8962824995476,0.19376167653531,11.9028551363052,5.36841779820058,5.36841779820058,12.2924276402885,0.188025115434995,12.308748022805,0.18586760218887
2017,10,1,390,412,6.70982534885395,6.70982534885395,12.4829200275593,0.143320617526523,12.5007199887039,0.140875719744977,12.4918200081316,4.69810596890153,4.69810596890153,12.569264445404,0.111525081240777,12.5789845967711,0.110150386643102
2018,10,1,375,401,7.35813850157752,7.35813850157752,12.4657690188213,0.158572704684732,12.4665139666444,0.158472135171509,12.4661414927328,5.69970632608715,6.25542065655361,12.5831237234961,0.179425120041516,12.6570568305299,0.16975409073603
2019,10,1,373,407,7.24149005637363,6.5981760381483,12.9113802742581,0.158130456883639,12.8926034548676,0.160577311926106,12.9019918645628,4.84081981264295,5.12520652508702,13.1251555792905,0.196101286946813,13.300885847521,0.174430678921068
2022,10,1,431,449,5.97928760565557,5.97928760565557,14.1816784886305,0.122868697498289,14.2255778250843,0.11742997894509,14.2036281568574,3.12207699972365,3.42647565297097,14.7154181958702,0.180214395994948,14.8796131043615,0.161817965684506
2023,10,1,388,410,14.0478181126589,14.7146490778075,12.5795720232255,0.113005248849905,12.6317486554852,0.105631964910719,12.6056603393554,7.21615489562193,7.21615489562193,13.7861291050007,0.135003355513683,13.9594295015078,0.113119553876128
2024,10,1,368,394,5.76938426792368,5.76938426792368,15.0375508163794,0.135686136129751,15.0692325618201,0.132040353920946,15.0533916890997,3.49945113161719,3.49945113161719,14.4013918429781,0.203608903079769,14.4935714449118,0.193381286526715
2025,10,1,377,410,5.95024081003316,6.5303819433978,15.1031703174564,0.124337751305399,15.1395227728952,0.120117341727316,15.1213465451758,4.26248891144084,4.67807631823416,14.5688007749929,0.237413516123077,14.7558898063412,0.217701853405376
2007,10,1.1,386,411,12.8402301135324,11.6700695867096,11.9454078114121,0.0969852861593856,11.9534931317355,0.0957624506980401,11.9494504715738,4.54712552722175,4.53635034824729,12.6359666999697,0.116945571986301,12.6475491143108,0.11532597451856
2008,10,1.1,385,407,6.55393059421048,6.53738026442712,12.3904977049053,0.157323443119643,12.382796612084,0.158370618755587,12.3866471584946,4.4663165624255,4.45563159457281,12.5510437534511,0.236311824419497,12.5336067882799,0.23843231005346
2009,10,1.1,374,398,5.86416801422623,5.84893640899447,12.1682516454872,0.148614874619481,12.1665366282653,0.148854849481534,12.1673941368763,3.37536221613173,3.36710949677689,11.5653094394992,0.154290815839117,11.5699898561368,0.153606169690724
2010,10,1.1,372,400,6.66152402569651,6.05388472540986,12.5921930654925,0.0767605743330558,12.5745135051314,0.0793512284976513,12.583353285312,4.94369555880297,4.49355138931746,12.121926265464,0.198725067035889,12.0627909547796,0.206523838198976
2011,10,1.1,405,417,6.35036223664096,6.33509694280288,11.1940036760981,0.17952931306337,11.194882666232,0.179400455868973,11.1944431711651,5.18617197865788,4.71440599031946,12.1651009959228,0.17009271877768,12.1751329127589,0.168723392924156
2012,10,1.1,308,402,50.5607567126216,45.9246612637716,12.7378700321595,0.0808361768876508,12.703241623464,0.0858269510115962,12.7205558278117,5.16028520591405,4.69047504240146,12.620874227732,0.113425304688668,12.6762528507803,0.105627904767814
2013,10,1.1,392,418,6.37823222871508,6.36240534973564,12.4700378767877,0.121339226011883,12.3476770737563,0.138498140265692,12.408857475272,4.38485410493107,3.98600266108368,12.4082878815369,0.168589950120186,12.3895364168429,0.171100913177394
2014,10,1.1,382,419,5.70005546649929,5.68555150856927,12.4865374433434,0.157433927385876,12.4751148791513,0.158974764948189,12.4808261612474,4.69266688068574,4.68175370189344,11.7775966189095,0.179058733493572,11.8326519972164,0.171365674779482
2015,10,1.1,394,424,4.86936028774232,4.85733717592073,12.4968501254159,0.137794440264314,12.4878020841581,0.139042506335089,12.492326104787,4.33186825060294,4.32190993278547,12.1540097158061,0.223358946481796,12.2106048668029,0.216109247837895
2016,10,1.1,390,408,6.9727705870816,6.95538213175222,11.9064603087524,0.192381539501512,11.8962824995476,0.19376167653531,11.90137140415,5.38126090298097,5.36841779820058,12.2915996389472,0.18813449881638,12.308748022805,0.18586760218887
2017,10,1.1,390,412,6.72659991222609,6.70982534885395,12.4833786851327,0.143257662752422,12.5007199887039,0.140875719744977,12.4920493369183,4.70923892143447,4.69810596890153,12.5699074309752,0.111434178361371,12.5789845967711,0.110150386643102
2018,10,1.1,375,401,7.37725054963357,7.35813850157752,12.4657149688318,0.158580001312461,12.4665139666444,0.158472135171509,12.4661144677381,5.71357422469077,6.25542065655361,12.584503178971,0.179245195154523,12.6570568305299,0.16975409073603
2019,10,1.1,373,407,7.26039734111611,6.5981760381483,12.9094891342582,0.158377057407565,12.8926034548676,0.160577311926106,12.9010462945629,5.13749718821672,5.12520652508702,13.1383593544767,0.194483045265064,13.300885847521,0.174430678921068
2022,10,1.1,431,449,5.99284608095185,5.97928760565557,14.184021935749,0.122578790960611,14.2255778250843,0.11742997894509,14.2047998804167,3.12887891039843,3.42647565297097,14.7228471320444,0.179386465436628,14.8796131043615,0.161817965684506
2023,10,1.1,388,410,13.4411272447084,14.7146490778075,12.5686957299527,0.114538376453601,12.6317486554852,0.105631964910719,12.6002221927189,7.23333621680198,7.21615489562193,13.7974749875986,0.133578997916594,13.9594295015078,0.113119553876128
2024,10,1.1,368,394,5.78464718926739,5.76938426792368,15.0382044600469,0.135610995494247,15.0692325618201,0.132040353920946,15.0537185109335,3.50811313936872,3.49945113161719,14.4055417583293,0.203149859696471,14.4935714449118,0.193381286526715
2025,10,1.1,377,410,5.9656161092839,6.5303819433978,15.1037722024054,0.124267956895522,15.1395227728952,0.120117341727316,15.1216474876503,4.27263769456332,4.67807631823416,14.5760936514248,0.2366498512118,14.7558898063412,0.217701853405376
2007,10,1.2,386,411,12.872573262433,11.6700695867096,11.9460721135152,0.096884847352611,11.9534931317355,0.0957624506980401,11.9497826226253,4.55790070619621,4.53635034824729,12.6356374071873,0.116991596112127,12.6475491143108,0.11532597451856
2008,10,1.2,385,407,6.57048092399385,6.53738026442712,12.3899421254315,0.157399011238525,12.382796612084,0.158370618755587,12.3863693687577,4.47700153027819,4.45563159457281,12.5496120189198,0.236486046801318,12.5336067882799,0.23843231005346
2009,10,1.2,374,398,5.87939961945799,5.84893640899447,12.1676719259341,0.148695996026498,12.1665366282653,0.148854849481534,12.1671042770997,3.38361493548658,3.36710949677689,11.5654497803382,0.154270290965617,11.5699898561368,0.153606169690724
2010,10,1.2,372,400,6.67891703881844,6.05388472540986,12.5898210515427,0.0771083660996157,12.5745135051314,0.0793512284976513,12.582167278337,4.95572401515042,4.49355138931746,12.1187507909131,0.199144817961857,12.0627909547796,0.206523838198976
2011,10,1.2,405,417,6.36562753047904,6.33509694280288,11.193958149353,0.179535986865696,11.194882666232,0.179400455868973,11.1944204077925,5.19828920290707,4.71440599031946,12.1660731960155,0.1699600658427,12.1751329127589,0.168723392924156
2012,10,1.2,308,402,50.7192543825671,45.9246612637716,12.7365493555264,0.0810267668763942,12.703241623464,0.0858269510115962,12.7198954894952,5.1727798432165,4.69047504240146,12.6239602607487,0.112991684444487,12.6762528507803,0.105627904767814
2013,10,1.2,392,418,6.39405910769453,6.36240534973564,12.4605489134214,0.122675935294541,12.3476770737563,0.138498140265692,12.4041129935889,4.39507521007077,3.98600266108368,12.4064310756848,0.168838759876106,12.3895364168429,0.171100913177394
2014,10,1.2,382,419,5.71455942442932,5.68555150856927,12.4849202632148,0.157652161284455,12.4751148791513,0.158974764948189,12.4800175711831,4.70358005947802,4.68175370189344,11.7796815073298,0.178768059175527,11.8326519972164,0.171365674779482
2015,10,1.2,394,424,4.8813833995639,4.85733717592073,12.49492594103,0.138059933526139,12.4878020841581,0.139042506335089,12.491364012594,4.34182656842042,4.32190993278547,12.1560326325091,0.22310039626805,12.2106048668029,0.216109247837895
2016,10,1.2,390,408,6.99015904241099,6.95538213175222,11.9040941496788,0.192702502040795,11.8962824995476,0.19376167653531,11.9001883246132,5.39410400776136,5.36841779820058,12.2910892691613,0.188201917709259,12.308748022805,0.18586760218887
2017,10,1.2,390,412,6.74337447559822,6.70982534885395,12.4838636515713,0.14319109433992,12.5007199887039,0.140875719744977,12.4922918201376,4.72037187396742,4.69810596890153,12.5704656832765,0.111355250981418,12.5789845967711,0.110150386643102
2018,10,1.2,375,401,7.39636259768962,7.35813850157752,12.4656447513799,0.158589480464192,12.4665139666444,0.158472135171509,12.4660793590122,5.72744212329438,6.25542065655361,12.5858197864817,0.179073449245662,12.6570568305299,0.16975409073603
2019,10,1.2,373,407,7.2793046258586,6.5981760381483,12.9079071605182,0.158583315579607,12.8926034548676,0.160577311926106,12.9002553076929,5.14978785134642,5.12520652508702,13.1431396973217,0.193896769973148,13.300885847521,0.174430678921068
2022,10,1.2,431,449,6.00640455624812,5.97928760565557,14.1861000786131,0.122321664990417,14.2255778250843,0.11742997894509,14.2058389518487,3.13568082107321,3.42647565297097,14.7294390600336,0.178651466795165,14.8796131043615,0.161817965684506
2023,10,1.2,388,410,13.4748142804094,14.7146490778075,12.5702090772325,0.114325133704958,12.6317486554852,0.105631964910719,12.6009788663589,7.25051753798203,7.21615489562193,13.8073697159815,0.132335861109091,13.9594295015078,0.113119553876128
2024,10,1.2,368,394,5.79991011061111,5.76938426792368,15.0388808101048,0.135533241171671,15.0692325618201,0.132040353920946,15.0540566859625,3.51677514712025,3.49945113161719,14.409231942489,0.202741558440858,14.4935714449118,0.193381286526715
2025,10,1.2,377,410,5.98099140853463,6.5303819433978,15.104428821201,0.124191812391898,15.1395227728952,0.120117341727316,15.1219757970481,4.2827864776858,4.67807631823416,14.5826494490044,0.235963042445443,14.7558898063412,0.217701853405376
2007,10,1.3,386,411,12.9049164113336,11.6700695867096,11.946717299629,0.0967872934311484,11.9534931317355,0.0957624506980401,11.9501052156823,4.56867588517067,4.53635034824729,12.6354455085358,0.117018416577106,12.6475491143108,0.11532597451856
2008,10,1.3,385,407,6.5870312537772,6.53738026442712,12.3894611204516,0.157464433239746,12.382796612084,0.158370618755587,12.3861288662678,4.48768649813088,4.45563159457281,12.5483919367737,0.236634498316515,12.5336067882799,0.23843231005346
2009,10,1.3,374,398,5.89463122468974,5.84893640899447,12.1672151842611,0.148759906151574,12.1665366282653,0.148854849481534,12.1668759062632,3.39186765484142,3.36710949677689,11.565590612475,0.154249693989356,11.5699898561368,0.153606169690724
2010,10,1.3,372,400,6.69631005194036,6.05388472540986,12.5877901558193,0.0774060900292932,12.5745135051314,0.0793512284976513,12.5811518304753,4.96775247149787,4.49355138931746,12.1159841141632,0.19951044219664,12.0627909547796,0.206523838198976
2011,10,1.3,405,417,6.38089282431712,6.33509694280288,11.1939316823356,0.179539866674677,11.194882666232,0.179400455868973,11.1944071742838,5.21040642715628,4.71440599031946,12.1669382029465,0.169842030087192,12.1751329127589,0.168723392924156
2012,10,1.3,308,402,50.8777520525127,45.9246612637716,12.7354394670422,0.0811869222433826,12.703241623464,0.0858269510115962,12.7193405452531,5.18527448051896,4.69047504240146,12.6266471354841,0.112614063822784,12.6762528507803,0.105627904767814
2013,10,1.3,392,418,6.40988598667397,6.36240534973564,12.4524087735259,0.123821825091568,12.3476770737563,0.138498140265692,12.4000429236411,4.40529631521047,3.98600266108368,12.4048664429356,0.169048389879225,12.3895364168429,0.171100913177394
2014,10,1.3,382,419,5.72906338235934,5.68555150856927,12.48359229116,0.157831346233239,12.4751148791513,0.158974764948189,12.4793535851557,4.71449323827032,4.68175370189344,11.7816433476637,0.178494493187173,11.8326519972164,0.171365674779482
2015,10,1.3,394,424,4.89340651138549,4.85733717592073,12.4933443345017,0.138278128297769,12.4878020841581,0.139042506335089,12.4905732093299,4.3517848862379,4.32190993278547,12.1579411994677,0.222856421714854,12.2106048668029,0.216109247837895
2016,10,1.3,390,408,7.00754749774036,6.95538213175222,11.902186945419,0.192961162274547,11.8962824995476,0.19376167653531,11.8992347224833,5.40694711254174,5.36841779820058,12.2908055807138,0.188239391211378,12.308748022805,0.18586760218887
2017,10,1.3,390,412,6.76014903897036,6.70982534885395,12.4843564577124,0.143123447169741,12.5007199887039,0.140875719744977,12.4925382232081,4.73150482650036,4.69810596890153,12.5709556781223,0.111285971156102,12.5789845967711,0.110150386643102
2018,10,1.3,375,401,7.41547464574566,7.35813850157752,12.465567500634,0.158599909028489,12.4665139666444,0.158472135171509,12.4660407336392,5.741310021898,6.25542065655361,12.5870759689515,0.178909568779729,12.6570568305299,0.16975409073603
2019,10,1.3,373,407,7.2982119106011,6.5981760381483,12.9065742785008,0.158757077483819,12.8926034548676,0.160577311926106,12.8995888666842,5.16207851447613,5.12520652508702,13.147684596615,0.19333917239273,13.300885847521,0.174430678921068
2022,10,1.3,431,449,6.01996303154439,5.97928760565557,14.1879593126469,0.122091592404604,14.2255778250843,0.11742997894509,14.2067685688656,3.14248273174799,3.42647565297097,14.735341218459,0.177993098149888,14.8796131043615,0.161817965684506
2023,10,1.3,388,410,13.5085013161104,14.7146490778075,12.5709308606828,0.114223419595001,12.6317486554852,0.105631964910719,12.601339758084,7.26769885916209,7.21615489562193,13.8160818691078,0.131240560867372,13.9594295015078,0.113119553876128
2024,10,1.3,368,394,5.81517303195482,5.76938426792368,15.0395636695085,0.135454734976331,15.0692325618201,0.132040353920946,15.0543981156643,3.52543715487178,3.49945113161719,14.412541633823,0.202375267939348,14.4935714449118,0.193381286526715
2025,10,1.3,377,410,5.99636670778536,6.5303819433978,15.1051189183404,0.124111782019488,15.1395227728952,0.120117341727316,15.1223208456178,4.29293526080827,4.67807631823416,14.5885865743802,0.235340781498013,14.7558898063412,0.217701853405376
2007,10,1.4,386,411,12.9372595602342,11.6700695867096,11.9473351470528,0.0966938682566666,11.9534931317355,0.0957624506980401,11.9504141393941,4.57945106414513,4.53635034824729,12.6353550810859,0.117031054910617,12.6475491143108,0.11532597451856
2008,10,1.4,385,407,6.60358158356056,6.53738026442712,12.389040597642,0.157521626915464,12.382796612084,0.158370618755587,12.385918604863,4.49837146598358,4.45563159457281,12.5473404835701,0.236762420599908,12.5336067882799,0.23843231005346
2009,10,1.4,374,398,5.9098628299215,5.84893640899447,12.166851881814,0.148810739968079,12.1665366282653,0.148854849481534,12.1666942550397,3.40012037419627,3.36710949677689,11.5657291436446,0.154229433289377,11.5699898561368,0.153606169690724
2010,10,1.4,372,400,6.71370306506228,6.05388472540986,12.5860331793042,0.0776636193790164,12.5745135051314,0.0793512284976513,12.5802733422178,4.97978092784533,4.49355138931746,12.1135530548115,0.199831644729086,12.0627909547796,0.206523838198976
2011,10,1.4,405,417,6.3961581181552,6.33509694280288,11.193918464821,0.179541804231145,11.194882666232,0.179400455868973,11.1944005655265,5.22252365140548,4.71440599031946,12.1677125085676,0.169736363990172,12.1751329127589,0.168723392924156
2012,10,1.4,308,402,51.0362497224582,45.9246612637716,12.7344942993459,0.0813232976259115,12.703241623464,0.0858269510115962,12.7188679614049,5.19776911782142,4.69047504240146,12.6290085047187,0.112282124272084,12.6762528507803,0.105627904767814
2013,10,1.4,392,418,6.42571286565341,6.36240534973564,12.4453512291986,0.124814711542519,12.3476770737563,0.138498140265692,12.3965141514774,4.41551742035017,3.98600266108368,12.4035324515625,0.169227097595688,12.3895364168429,0.171100913177394
2014,10,1.4,382,419,5.74356734028936,5.68555150856927,12.4824886783641,0.157980243601533,12.4751148791513,0.158974764948189,12.4788017787577,4.72540641706261,4.68175370189344,11.7834868099376,0.178237392739566,11.8326519972164,0.171365674779482
2015,10,1.4,394,424,4.90542962320707,4.85733717592073,12.4920339934716,0.138458878988758,12.4878020841581,0.139042506335089,12.4899180388148,4.36174320405538,4.32190993278547,12.159740662521,0.222626358972652,12.2106048668029,0.216109247837895
2016,10,1.4,390,408,7.02493595306975,6.95538213175222,11.9006352388951,0.193171578360934,11.8962824995476,0.19376167653531,11.8984588692214,5.41979021732212,5.36841779820058,12.2906852298177,0.18825528856453,12.308748022805,0.18586760218887
2017,10,1.4,390,412,6.77692360234249,6.70982534885395,12.4848456681529,0.143056290937771,12.5007199887039,0.140875719744977,12.4927828284284,4.7426377790333,4.69810596890153,12.5713897430664,0.111224596941591,12.5789845967711,0.110150386643102
2018,10,1.4,375,401,7.43458669380171,7.35813850157752,12.4654888338046,0.158610528692378,12.4665139666444,0.158472135171509,12.4660014002245,5.75517792050162,6.25542065655361,12.5882743812298,0.178753209717433,12.6570568305299,0.16975409073603
2019,10,1.4,373,407,7.31711919534358,6.5981760381483,12.9054442032761,0.158904386311831,12.8926034548676,0.160577311926106,12.8990238290719,5.17436917760584,5.12520652508702,13.1520061842499,0.192808793319779,13.300885847521,0.174430678921068
2022,10,1.4,431,449,6.03352150684066,5.97928760565557,14.1896352216985,0.121884179694936,14.2255778250843,0.11742997894509,14.2076065233914,3.14928464242277,3.42647565297097,14.7406665706233,0.177398844215903,14.8796131043615,0.161817965684506
2023,10,1.4,388,410,13.5421883518115,14.7146490778075,12.5723026438939,0.114030091073369,12.6317486554852,0.105631964910719,12.6020256496896,7.28488018034215,7.21615489562193,13.8238165986233,0.130267564285678,13.9594295015078,0.113119553876128
2024,10,1.4,368,394,5.83043595329854,5.76938426792368,15.0402425503977,0.135376682644769,15.0692325618201,0.132040353920946,15.0547375561089,3.5340991626233,3.49945113161719,14.415532660238,0.20204417238983,14.4935714449118,0.193381286526715
2025,10,1.4,377,410,6.01174200703609,6.5303819433978,15.1058273487441,0.124029621740174,15.1395227728952,0.120117341727316,15.1226750608196,4.30308404393075,4.67807631823416,14.5939976368171,0.234773435772416,14.7558898063412,0.217701853405376
2007,10,1.5,386,411,12.9696027091348,11.6700695867096,11.9479218996822,0.0966051404765403,11.9534931317355,0.0957624506980401,11.9507075157089,4.59022624311959,4.53635034824729,12.6353399127089,0.11703317486652,12.6475491143108,0.11532597451856
2008,10,1.5,385,407,6.62013191334393,6.53738026442712,12.388669818971,0.157572053473472,12.382796612084,0.158370618755587,12.3857332155275,4.50905643383627,4.45563159457281,12.5464254501824,0.236873737002505,12.5336067882799,0.23843231005346
2009,10,1.5,374,398,5.92509443515326,5.84893640899447,12.1665605931336,0.14885149641531,12.1665366282653,0.148854849481534,12.1665486106994,3.40837309355111,3.36710949677689,11.5658637184857,0.154209750984812,11.5699898561368,0.153606169690724
2010,10,1.5,372,400,6.73109607818421,6.05388472540986,12.5844992840792,0.0778884211317293,12.5745135051314,0.0793512284976513,12.5795063946053,4.99180938419278,4.49355138931746,12.1114007620221,0.200115961572663,12.0627909547796,0.206523838198976
2011,10,1.5,405,417,6.41142341199327,6.33509694280288,11.1939145460751,0.179542378679963,11.194882666232,0.179400455868973,11.1943986061536,5.23464087565468,4.71440599031946,12.1684094612115,0.169641248164884,12.1751329127589,0.168723392924156
2012,10,1.5,308,402,51.1947473924037,45.9246612637716,12.7336801823751,0.0814407559826378,12.703241623464,0.0858269510115962,12.7184609029195,5.21026375512387,4.69047504240146,12.6311007899273,0.111987958211905,12.6762528507803,0.105627904767814
2013,10,1.5,392,418,6.44153974463285,6.36240534973564,12.4391753966599,0.125683093093955,12.3476770737563,0.138498140265692,12.3934262352081,4.42573852548987,3.98600266108368,12.4023833450959,0.169381021858351,12.3895364168429,0.171100913177394
2014,10,1.5,382,419,5.75807129821939,5.68555150856927,12.4815619708477,0.158105263073551,12.4751148791513,0.158974764948189,12.4783384249995,4.7363195958549,4.68175370189344,11.785218218314,0.177995883377404,11.8326519972164,0.171365674779482
2015,10,1.5,394,424,4.91745273502867,4.85733717592073,12.4909408458264,0.138609655145987,12.4878020841581,0.139042506335089,12.4893714649922,4.37170152187286,4.32190993278547,12.16143697995,0.222409452301369,12.2106048668029,0.216109247837895
2016,10,1.5,390,408,7.04232440839913,6.95538213175222,11.8993624890012,0.193344146607154,11.8962824995476,0.19376167653531,11.8978224942744,5.43263332210251,5.36841779820058,12.290683301373,0.188255543294779,12.308748022805,0.18586760218887
2017,10,1.5,390,412,6.79369816571463,6.70982534885395,12.4853242831762,0.142990586642219,12.5007199887039,0.140875719744977,12.49302213594,4.75377073156624,4.69810596890153,12.571777312971,0.111169795059692,12.5789845967711,0.110150386643102
2018,10,1.5,375,401,7.45369874185775,7.35813850157752,12.4654121465435,0.158620881059056,12.4665139666444,0.158472135171509,12.4659630565939,5.76904581910524,6.25542065655361,12.5894177750053,0.178604015143996,12.6570568305299,0.16975409073603
2019,10,1.5,373,407,7.33602648008607,6.5981760381483,12.9044807808063,0.159029961248142,12.8926034548676,0.160577311926106,12.8985421178369,5.18665984073554,5.12520652508702,13.1561166546437,0.192304162467689,13.300885847521,0.174430678921068
2022,10,1.5,431,449,6.04707998213693,5.97928760565557,14.1911556585378,0.121695987235957,14.2255778250843,0.11742997894509,14.2083667418111,3.15608655309755,3.42647565297097,14.7455034944412,0.176858907720531,14.8796131043615,0.161817965684506
2023,10,1.5,388,410,13.5758753875125,14.7146490778075,12.5735996484205,0.113847281879567,12.6317486554852,0.105631964910719,12.6026741519528,7.3020615015222,7.21615489562193,13.8307334707764,0.129396989497675,13.9594295015078,0.113119553876128
2024,10,1.5,368,394,5.84569887464225,5.76938426792368,15.0409106752789,0.135299863513673,15.0692325618201,0.132040353920946,15.0550716185495,3.54276117037483,3.49945113161719,14.4182539097169,0.201742880459177,14.4935714449118,0.193381286526715
2025,10,1.5,377,410,6.02711730628682,6.5303819433978,15.1065432518078,0.123946590904038,15.1395227728952,0.120117341727316,15.1230330123515,4.31323282705323,4.67807631823416,14.5989563860446,0.234253329988147,14.7558898063412,0.217701853405376
2007,10,1.6,386,411,13.0019458580353,11.6700695867096,11.9484763833876,0.0965212883461538,11.9534931317355,0.0957624506980401,11.9509847575615,4.60100142209405,4.53635034824729,12.6353806617889,0.117027479706108,12.6475491143108,0.11532597451856
2008,10,1.6,385,407,6.63668224312728,6.53738026442712,12.3883404532447,0.157616846531668,12.382796612084,0.158370618755587,12.3855685326643,4.51974140168896,4.45563159457281,12.5456222648298,0.23697144008456,12.5336067882799,0.23843231005346
2009,10,1.6,374,398,5.94032604038501,5.84893640899447,12.1663255042257,0.148884388807117,12.1665366282653,0.148854849481534,12.1664310662455,3.41662581290596,3.36710949677689,11.5659934015606,0.154190783911043,11.5699898561368,0.153606169690724
2010,10,1.6,372,400,6.74848909130613,6.05388472540986,12.5831493322221,0.0780862421883259,12.5745135051314,0.0793512284976513,12.5788314186768,5.00383784054023,4.49355138931746,12.1094824295588,0.200369329787817,12.0627909547796,0.206523838198976
2011,10,1.6,405,417,6.42668870583135,6.33509694280288,11.1939171882105,0.179541991369446,11.194882666232,0.179400455868973,11.1943999272213,4.78065057097969,4.71440599031946,12.161710462434,0.170555260980932,12.1751329127589,0.168723392924156
2012,10,1.6,308,402,51.3532450623492,45.9246612637716,12.73297195982,0.0815429301026801,12.703241623464,0.0858269510115962,12.718106791642,5.22275839242632,4.69047504240146,12.6329679750306,0.111725399083271,12.6762528507803,0.105627904767814
2013,10,1.6,392,418,6.45736662361229,6.36240534973564,12.433726928713,0.126448842305194,12.3476770737563,0.138498140265692,12.3907020012347,4.43595963062957,3.98600266108368,12.4013844624,0.169514811871065,12.3895364168429,0.171100913177394
2014,10,1.6,382,419,5.77257525614941,5.68555150856927,12.4807767273991,0.158211190766375,12.4751148791513,0.158974764948189,12.4779458032752,4.7472327746472,4.68175370189344,11.7868446047818,0.177768990910186,11.8326519972164,0.171365674779482
2015,10,1.6,394,424,4.92947584685025,4.85733717592073,12.490023326463,0.138736196981932,12.4878020841581,0.139042506335089,12.4889127053105,4.38165983969033,4.32190993278547,12.1630364024152,0.222204907793079,12.2106048668029,0.216109247837895
2016,10,1.6,390,408,7.05971286372851,6.95538213175222,11.8983111687069,0.193486677974999,11.8962824995476,0.19376167653531,11.8972968341272,5.44547642688289,5.36841779820058,12.2907674641345,0.188244426111567,12.308748022805,0.18586760218887
2017,10,1.6,390,412,6.81047272908676,6.70982534885395,12.4857881405214,0.142926905878014,12.5007199887039,0.140875719744977,12.4932540646126,4.76490368409918,4.69810596890153,12.5721257496544,0.111120525122315,12.5789845967711,0.110150386643102
2018,10,1.6,375,401,7.4728107899138,7.35813850157752,12.4653394204596,0.158630698629327,12.4665139666444,0.158472135171509,12.465926693552,5.78291371770886,6.25542065655361,12.5905089172444,0.178461625923116,12.6570568305299,0.16975409073603
2019,10,1.6,373,407,7.35493376482856,6.5981760381483,12.9036554299058,0.159137532128975,12.8926034548676,0.160577311926106,12.8981294423867,5.19895050386525,5.12520652508702,13.1600280021076,0.191823830958827,13.300885847521,0.174430678921068
2022,10,1.6,431,449,6.0606384574332,5.97928760565557,14.1925428079556,0.121524274871718,14.2255778250843,0.11742997894509,14.20906031652,3.16288846377233,3.42647565297097,14.7499223054518,0.176365489517203,14.8796131043615,0.161817965684506
2023,10,1.6,388,410,13.6095624232135,14.7146490778075,12.5748237159075,0.11367473566199,12.6317486554852,0.105631964910719,12.6032861856964,7.31924282270225,7.21615489562193,13.8369585790057,0.128613109505117,13.9594295015078,0.113119553876128
2024,10,1.6,368,394,5.86096179598596,5.76938426792368,15.0415637232639,0.135224774584176,15.0692325618201,0.132040353920946,15.055398142542,3.55142317812636,3.49945113161719,14.4207445169878,0.201467074981708,14.4935714449118,0.193381286526715
2025,10,1.6,377,410,6.04249260553755,6.5303819433978,15.1072588182765,0.123863595174199,15.1395227728952,0.120117341727316,15.1233907955858,4.32338161017571,4.67807631823416,14.6035224750638,0.233774252695112,14.7558898063412,0.217701853405376
2007,10,1.7,386,411,13.0342890069359,11.6700695867096,11.9489989034597,0.0964422663740054,11.9534931317355,0.0957624506980401,11.9512460175976,4.61177660106851,4.53635034824729,12.6354629160473,0.11701598365574,12.6475491143108,0.11532597451856
2008,10,1.7,385,407,6.65323257291064,6.53738026442712,12.3880459346865,0.157656899438441,12.382796612084,0.158370618755587,12.3854212733853,4.53042636954166,4.45563159457281,12.5449118696852,0.23705785053529,12.5336067882799,0.23843231005346
2009,10,1.7,374,398,5.95555764561677,5.84893640899447,12.1661347613679,0.148911076068002,12.1665366282653,0.148854849481534,12.1663356948166,3.4248785322608,3.36710949677689,11.566117716359,0.154172601786329,11.5699898561368,0.153606169690724
2010,10,1.7,372,400,6.76588210442805,6.05388472540986,12.5819527268121,0.0782615742149501,12.5745135051314,0.0793512284976513,12.5782331159717,5.01586629688769,4.49355138931746,12.1077622864415,0.200596487555926,12.0627909547796,0.206523838198976
2011,10,1.7,405,417,6.44195399966943,6.33509694280288,11.19392446341,0.179540924897816,11.194882666232,0.179400455868973,11.194403564821,4.79169133442306,4.71440599031946,12.1623148174653,0.170472823307735,12.1751329127589,0.168723392924156
2012,10,1.7,308,402,51.5117427322948,45.9246612637716,12.7323504736653,0.0816325862213132,12.703241623464,0.0858269510115962,12.7177960485646,5.23525302972878,4.69047504240146,12.6346448764956,0.11148956410862,12.6762528507803,0.105627904767814
2013,10,1.7,392,418,6.47319350259173,6.36240534973564,12.4288853303172,0.127129018162866,12.3476770737563,0.138498140265692,12.3882812020367,4.44618073576927,3.98600266108368,12.400509114368,0.169632046833167,12.3895364168429,0.171100913177394
2014,10,1.7,382,419,5.78707921407944,5.68555150856927,12.4801060070687,0.158301664253649,12.4751148791513,0.158974764948189,12.47761044311,4.75814595343949,4.68175370189344,11.7883731595792,0.177555718114941,11.8326519972164,0.171365674779482
2015,10,1.7,394,424,4.94149895867184,4.85733717592073,12.489249091334,0.138842970205107,12.4878020841581,0.139042506335089,12.488525587746,4.39161815750781,4.32190993278547,12.1645451938716,0.22201192910951,12.2106048668029,0.216109247837895
2016,10,1.7,390,408,7.07710131905789,6.95538213175222,11.8974374300486,0.193605124363595,11.8962824995476,0.19376167653531,11.8968599647981,5.45831953166327,5.36841779820058,12.2909141481399,0.188225050223141,12.308748022805,0.18586760218887
2017,10,1.7,390,412,6.82724729245889,6.70982534885395,12.4862349104991,0.142865568720336,12.5007199887039,0.140875719744977,12.4934774496015,4.77603663663213,4.69810596890153,12.5724408938908,0.111075961655493,12.5789845967711,0.110150386643102
2018,10,1.7,375,401,7.49192283796984,7.35813850157752,12.4652717340556,0.158639835822617,12.4665139666444,0.158472135171509,12.46589285035,5.79678161631248,6.25542065655361,12.5915505374788,0.178325687591001,12.6570568305299,0.16975409073603
2019,10,1.7,373,407,7.37384104957105,6.5981760381483,12.9029453153381,0.159230078347528,12.8926034548676,0.160577311926106,12.8977743851029,4.74828886450162,5.12520652508702,13.148482329508,0.19324128148379,13.300885847521,0.174430678921068
2022,10,1.7,431,449,6.07419693272947,5.97928760565557,14.1938146087661,0.121366826525375,14.2255778250843,0.11742997894509,14.2096962169252,3.16969037444711,3.42647565297097,14.753979772624,0.175912289891284,14.8796131043615,0.161817965684506
2023,10,1.7,388,410,13.6432494589145,14.7146490778075,12.5759779764952,0.113512014132504,12.6317486554852,0.105631964910719,12.6038633159902,7.3364241438823,7.21615489562193,13.8425929688593,0.127903310014915,13.9594295015078,0.113119553876128
2024,10,1.7,368,394,5.87622471732968,5.76938426792368,15.0421990235251,0.135151723199512,15.0692325618201,0.132040353920946,15.0557157926726,3.56008518587788,3.49945113161719,14.4230361676498,0.201213259527634,14.4935714449118,0.193381286526715
2025,10,1.7,377,410,6.05786790478829,6.5303819433978,15.1079684403437,0.123781285029636,15.1395227728952,0.120117341727316,15.1237456066194,4.33353039329819,4.67807631823416,14.6077448148613,0.233331108490561,14.7558898063412,0.217701853405376
2007,10,1.8,386,411,13.0666321558365,11.6700695867096,11.9494905900406,0.0963679042693928,11.9534931317355,0.0957624506980401,11.9514918608881,4.62255178004296,4.53635034824729,12.6355758448665,0.117000200334059,12.6475491143108,0.11532597451856
2008,10,1.8,385,407,6.669782902694,6.53738026442712,12.3877810173279,0.157692925931148,12.382796612084,0.158370618755587,12.385288814706,4.54111133739435,4.45563159457281,12.5442792657571,0.237134794564328,12.5336067882799,0.23843231005346
2009,10,1.8,374,398,5.97078925084852,5.84893640899447,12.1659793563119,0.148932818828501,12.1665366282653,0.148854849481534,12.1662579922886,3.43313125161565,3.36710949677689,11.566236479219,0.154155231498543,11.5699898561368,0.153606169690724
2010,10,1.8,372,400,6.78327511754997,6.05388472540986,12.5808852198595,0.07841797608,12.5745135051314,0.0793512284976513,12.5776993624954,5.02789475323513,4.49355138931746,12.1062114426886,0.20080126041424,12.0627909547796,0.206523838198976
2011,10,1.8,405,417,6.45721929350751,6.33509694280288,11.193934996094,0.17953938091022,11.194882666232,0.179400455868973,11.194408831163,4.80273209786643,4.71440599031946,12.1628675537821,0.170397423152086,12.1751329127589,0.168723392924156
2012,10,1.8,308,402,51.6702404022403,45.9246612637716,12.7318008872415,0.0817118663778947,12.703241623464,0.0858269510115962,12.7175212553528,5.24774766703124,4.69047504240146,12.6361594282957,0.111276534656756,12.6762528507803,0.105627904767814
2013,10,1.8,392,418,6.48902038157117,6.36240534973564,12.4245551962605,0.127737116132063,12.3476770737563,0.138498140265692,12.3861161350084,4.45640184090897,3.98600266108368,12.399736449048,0.169735522670445,12.3895364168429,0.171100913177394
2014,10,1.8,382,419,5.80158317200946,5.68555150856927,12.4795290118447,0.158379491267742,12.4751148791513,0.158974764948189,12.477321945498,4.76905913223178,4.68175370189344,11.7898109176176,0.177355088567298,11.8326519972164,0.171365674779482
2015,10,1.8,394,424,4.95352207049342,4.85733717592073,12.488592693426,0.138933487547583,12.4878020841581,0.139042506335089,12.488197388792,4.40157647532529,4.32190993278547,12.1659694543708,0.22182974021089,12.2106048668029,0.216109247837895
2016,10,1.8,390,408,7.09448977438727,6.95538213175222,11.8967074275758,0.193704078814395,11.8962824995476,0.19376167653531,11.8964949635617,5.47116263644366,5.36841779820058,12.2911059868122,0.188199709383226,12.308748022805,0.18586760218887
2017,10,1.8,390,412,6.84402185583103,6.70982534885395,12.4866634526112,0.142806732008466,12.5007199887039,0.140875719744977,12.4936917206575,4.78716958916506,4.69810596890153,12.5727274473587,0.111035440141674,12.5789845967711,0.110150386643102
2018,10,1.8,375,401,7.51103488602589,7.35813850157752,12.4652095899982,0.158648224794021,12.4665139666444,0.158472135171509,12.4658617783213,5.8106495149161,6.25542065655361,12.5925452928191,0.178195854939417,12.6570568305299,0.16975409073603
2019,10,1.8,373,407,7.39274833431354,6.5981760381483,12.9023320191386,0.159310002540099,12.8926034548676,0.160577311926106,12.8974677370031,4.75948765899337,5.12520652508702,13.1518108623385,0.192832768515113,13.300885847521,0.174430678921068
2022,10,1.8,431,449,6.08775540802574,5.97928760565557,14.1949857587211,0.121221826230181,14.2255778250843,0.11742997894509,14.2102817919027,3.17649228512189,3.42647565297097,14.7577223209716,0.175494154673736,14.8796131043615,0.161817965684506
2023,10,1.8,388,410,13.6769364946156,14.7146490778075,12.577066206339,0.11335858758814,12.6317486554852,0.105631964910719,12.6044074309121,7.35360546506235,7.21615489562193,13.8477186253674,0.127257347849213,13.9594295015078,0.113119553876128
2024,10,1.8,368,394,5.89148763867339,5.76938426792368,15.0428150251371,0.135080887965878,15.0692325618201,0.132040353920946,15.0560237934786,3.56874719362942,3.49945113161719,14.4251547872656,0.200978572526716,14.4935714449118,0.193381286526715
2025,10,1.8,377,410,6.07324320403902,6.5303819433978,15.1086681154915,0.12370012485811,15.1395227728952,0.120117341727316,15.1240954441933,4.34367917642066,4.67807631823416,14.6116639908653,0.232919667377068,14.7558898063412,0.217701853405376
2007,10,1.9,386,411,13.0989753047371,11.6700695867096,11.949953006007,0.0962979662263306,11.9534931317355,0.0957624506980401,11.9517230688712,4.63332695901742,4.53635034824729,12.6357112500393,0.116981275453614,12.6475491143108,0.11532597451856
2008,10,1.9,385,407,6.68633323247736,6.53738026442712,12.3875414584476,0.157725503224554,12.382796612084,0.158370618755587,12.3851690352658,4.55179630524704,4.45563159457281,12.5437124935527,0.237203728142318,12.5336067882799,0.23843231005346
2009,10,1.9,374,398,5.98602085608029,5.84893640899447,12.1658523583096,0.148950586944742,12.1665366282653,0.148854849481534,12.1661944932875,3.44138397097049,3.36710949677689,11.5663496922351,0.154138672766368,11.5699898561368,0.153606169690724
2010,10,1.9,372,400,6.8006681306719,6.05388472540986,12.579927359338,0.0785583022046094,12.5745135051314,0.0793512284976513,12.5772204322347,5.03992320958259,4.49355138931746,12.1048063205101,0.200986769598476,12.0627909547796,0.206523838198976
2011,10,1.9,405,417,6.47248458734559,6.33509694280288,11.1939477939024,0.179537504875773,11.194882666232,0.179400455868973,11.1944152300672,4.8137728613098,4.71440599031946,12.1633749486541,0.170328205120817,12.1751329127589,0.168723392924156
2012,10,1.9,308,402,51.8287380721858,45.9246612637716,12.7313115387785,0.0817824540748168,12.703241623464,0.0858269510115962,12.7172765811212,5.2602423043337,4.69047504240146,12.6375343126488,0.111083128033803,12.6762528507803,0.105627904767814
2013,10,1.9,392,418,6.50484726055062,6.36240534973564,12.4206600285426,0.128283949010692,12.3476770737563,0.138498140265692,12.3841685511495,4.46662294604867,3.98600266108368,12.3990499611155,0.169827452167374,12.3895364168429,0.171100913177394
2014,10,1.9,382,419,5.81608712993948,5.68555150856927,12.4790294657293,0.15844686878506,12.4751148791513,0.158974764948189,12.4770721724403,4.77997231102407,4.68175370189344,11.7911645867873,0.177166170697225,11.8326519972164,0.171365674779482
2015,10,1.9,394,424,4.96554518231501,4.85733717592073,12.4880339116919,0.139010539860307,12.4878020841581,0.139042506335089,12.487917997925,4.41153479314277,4.32190993278547,12.1673150136637,0.22165759903763,12.2106048668029,0.216109247837895
2016,10,1.9,390,408,7.11187822971665,6.95538213175222,11.8960947378277,0.193787126418442,11.8962824995476,0.19376167653531,11.8961886186876,5.48400574122404,5.36841779820058,12.2913300708311,0.188170108608475,12.308748022805,0.18586760218887
2017,10,1.9,390,412,6.86079641920317,6.70982534885395,12.4870733974533,0.142750446719982,12.5007199887039,0.140875719744977,12.4938966930786,4.79830254169801,4.69810596890153,12.5729892432568,0.110998418787433,12.5789845967711,0.110150386643102
2018,10,1.9,375,401,7.53014693408193,7.35813850157752,12.4651531267743,0.158655846860171,12.4665139666444,0.158472135171509,12.4658335467093,5.82451741351971,6.25542065655361,12.5934957449259,0.1780717950389,12.6570568305299,0.16975409073603
2019,10,1.9,373,407,7.41165561905603,6.5981760381483,12.901800558893,0.159379258874516,12.8926034548676,0.160577311926106,12.8972020068803,4.77068645348512,5.12520652508702,13.1549976074849,0.192441560351212,13.300885847521,0.174430678921068
2022,10,1.9,431,449,6.10131388332201,5.97928760565557,14.1960684404004,0.121087768566563,14.2255778250843,0.11742997894509,14.2108231327424,3.18329419579667,3.42647565297097,14.7611883511632,0.175106818785318,14.8796131043615,0.161817965684506
2023,10,1.9,388,410,13.7106235303166,14.7146490778075,12.5780924401654,0.11321388952957,12.6317486554852,0.105631964910719,12.6049205478253,7.3707867862424,7.21615489562193,13.8524028105127,0.126666813089799,13.9594295015078,0.113119553876128
2024,10,1.9,368,394,5.9067505600171,5.76938426792368,15.0434109421451,0.13501235953983,15.0692325618201,0.132040353920946,15.0563217519826,3.57740920138094,3.49945113161719,14.4271217958764,0.200760649154904,14.4935714449118,0.193381286526715
2025,10,1.9,377,410,6.08861850328975,6.5303819433978,15.1093550218992,0.123620442164964,15.1395227728952,0.120117341727316,15.1244388973972,4.35382795954315,4.67807631823416,14.6153140382735,0.232536380532828,14.7558898063412,0.217701853405376
2007,10,2,386,411,13.1313184536377,11.6700695867096,11.9503879114754,0.0962321865353138,11.9534931317355,0.0957624506980401,11.9519405216055,4.64410213799188,4.53635034824729,12.6358628882269,0.116960081527961,12.6475491143108,0.11532597451856
2008,10,2,385,407,6.70288356226072,6.53738026442712,12.38732378926,0.157755103221513,12.382796612084,0.158370618755587,12.385060200672,4.56248127309973,4.45563159457281,12.5432019049358,0.237265825733735,12.5336067882799,0.23843231005346
2009,10,2,374,398,6.00125246131204,5.84893640899447,12.1657483754246,0.148965134909393,12.1665366282653,0.148854849481534,12.166142501845,3.44963669032534,3.36710949677689,11.5664574734936,0.154122908341889,11.5699898561368,0.153606169690724
2010,10,2,372,400,6.81806114379382,6.05388472540986,12.5790633685662,0.0786848672891597,12.5745135051314,0.0793512284976513,12.5767884368488,5.05195166593004,4.49355138931746,12.1035274940348,0.201155586062205,12.0627909547796,0.206523838198976
2011,10,2,405,417,6.48774988118367,6.33509694280288,11.1939621345607,0.179535402671971,11.194882666232,0.179400455868973,11.1944224003963,4.82481362475317,4.71440599031946,12.1638423130524,0.170264445430689,12.1751329127589,0.168723392924156
2012,10,2,308,402,51.9872357421313,45.9246612637716,12.7308731400481,0.0818456900539889,12.703241623464,0.0858269510115962,12.717057381756,5.27273694163615,4.69047504240146,12.6387881459031,0.110906731468296,12.6762528507803,0.105627904767814
2013,10,2,392,418,6.52067413953006,6.36240534973564,12.4171377908196,0.128778279553887,12.3476770737563,0.138498140265692,12.382407432288,4.47684405118837,3.98600266108368,12.3984364313097,0.16990960733283,12.3895364168429,0.171100913177394
2014,10,2,382,419,5.8305910878695,5.68555150856927,12.4785944761972,0.158505536876796,12.4751148791513,0.158974764948189,12.4768546776743,4.79088548981637,4.68175370189344,11.7924404619173,0.176988089896071,11.8326519972164,0.171365674779482
2015,10,2,394,424,4.97756829413659,4.85733717592073,12.4875565315448,0.139076364700639,12.4878020841581,0.139042506335089,12.4876793078514,4.42149311096025,4.32190993278547,12.1685873727581,0.221494805058557,12.2106048668029,0.216109247837895
2016,10,2,390,408,7.12926668504603,6.95538213175222,11.8955785179561,0.193857094603008,11.8962824995476,0.19376167653531,11.8959305087519,5.49684884600443,5.36841779820058,12.2915767350417,0.188137524439398,12.308748022805,0.18586760218887
2017,10,2,390,412,6.8775709825753,6.70982534885395,12.4874648717692,0.142696695703677,12.5007199887039,0.140875719744977,12.4940924302366,4.80943549423095,4.69810596890153,12.5732294420864,0.11096445086224,12.5789845967711,0.110150386643102
2018,10,2,375,401,7.54925898213798,7.35813850157752,12.4651022565264,0.158662713891471,12.4665139666444,0.158472135171509,12.4658081115854,5.83838531212334,6.25542065655361,12.594404345485,0.177953189151849,12.6570568305299,0.16975409073603
2019,10,2,373,407,7.43056290379853,6.5981760381483,12.9013386521985,0.159439449139504,12.8926034548676,0.160577311926106,12.896971053533,4.78188524797687,5.12520652508702,13.158049855436,0.192066774339367,13.300885847521,0.174430678921068
2022,10,2,431,449,6.11487235861828,5.97928760565557,14.1970728558017,0.120963392692289,14.2255778250843,0.11742997894509,14.211325340443,3.19009610647145,3.42647565297097,14.7644099510062,0.174746716918958,14.8796131043615,0.161817965684506
2023,10,2,388,410,13.7443105660176,14.7146490778075,12.5790607395454,0.1130773493512,12.6317486554852,0.105631964910719,12.6054046975153,7.38796810742246,7.21615489562193,13.8567012599417,0.126124732264348,13.9594295015078,0.113119553876128
2024,10,2,368,394,5.92201348136082,5.76938426792368,15.0439865122406,0.134946168362177,15.0692325618201,0.132040353920946,15.0566095370303,3.58607120913247,3.49945113161719,14.4289550512843,0.200557517445752,14.4935714449118,0.193381286526715
2025,10,2,377,410,6.10399380254049,6.5303819433978,15.1100272120178,0.123542463087503,15.1395227728952,0.120117341727316,15.1247749924565,4.36397674266562,4.67807631823416,14.6187237694502,0.23217824250358,14.7558898063412,0.217701853405376
2007,10,2.1,386,411,13.1636616025383,11.6700695867096,11.9507971231511,0.0961702908586031,11.9534931317355,0.0957624506980401,11.9521451274433,4.65487731696634,4.53635034824729,12.6360259814303,0.116937286291928,12.6475491143108,0.11532597451856
2008,10,2.1,385,407,6.71943389204408,6.53738026442712,12.3871251459163,0.157782115513081,12.382796612084,0.158370618755587,12.3849608790002,4.57316624095243,4.45563159457281,12.5427396338313,0.237322044787629,12.5336067882799,0.23843231005346
2009,10,2.1,374,398,6.0164840665438,5.84893640899447,12.1656631704749,0.148977055611151,12.1665366282653,0.148854849481534,12.1660998993701,3.45788940968018,3.36710949677689,11.5665600113024,0.154107910704425,11.5699898561368,0.153606169690724
2010,10,2.1,372,400,6.83545415691575,6.05388472540986,12.5782803241562,0.0787995671183738,12.5745135051314,0.0793512284976513,12.5763969146438,5.06398012227749,4.49355138931746,12.1023588190562,0.201309845951593,12.0627909547796,0.206523838198976
2011,10,2.1,405,417,6.50301517502175,6.33509694280288,11.1939774887455,0.179533151891855,11.194882666232,0.179400455868973,11.1944300774887,4.83585438819654,4.71440599031946,12.1642741680732,0.17020552789183,12.1751329127589,0.168723392924156
2012,10,2.1,308,402,52.1457334120769,45.9246612637716,12.7304782050639,0.081902654824507,12.703241623464,0.0858269510115962,12.7168599142639,5.2852315789386,4.69047504240146,12.6399363555028,0.110745179302702,12.6762528507803,0.105627904767814
2013,10,2.1,392,418,6.5365010185095,6.36240534973564,12.4139376572715,0.129227282639576,12.3476770737563,0.138498140265692,12.3808073655139,4.48706515632807,3.98600266108368,12.3978851588304,0.169983422417186,12.3895364168429,0.171100913177394
2014,10,2.1,382,419,5.84509504579953,5.68555150856927,12.4782137192856,0.158556888805127,12.4751148791513,0.158974764948189,12.4766642992185,4.80179866860866,4.68175370189344,11.7936443902848,0.176820033424978,11.8326519972164,0.171365674779482
2015,10,2.1,394,424,4.98959140595818,4.85733717592073,12.4871474428817,0.139132770984648,12.4878020841581,0.139042506335089,12.4874747635199,4.43145142877772,4.32190993278547,12.1697916772777,0.221340702747376,12.2106048668029,0.216109247837895
2016,10,2.1,390,408,7.14665514037541,6.95538213175222,11.8951421719939,0.193916234349713,11.8962824995476,0.19376167653531,11.8957123357708,5.50969195078481,5.36841779820058,12.2918387024617,0.188102918011092,12.308748022805,0.18586760218887
2017,10,2.1,390,412,6.89434554594744,6.70982534885395,12.487838316005,0.142645418720271,12.5007199887039,0.140875719744977,12.4942791523544,4.82056844676389,4.69810596890153,12.573450675939,0.110933164311553,12.5789845967711,0.110150386643102
2018,10,2.1,375,401,7.56837103019403,7.35813850157752,12.4650567551719,0.158668856146128,12.4665139666444,0.158472135171509,12.4657853609081,5.85225321072696,6.25542065655361,12.5952734278723,0.17783973383711,12.6570568305299,0.16975409073603
2019,10,2.1,373,407,7.44947018854101,6.5981760381483,12.9009361586885,0.159491895617842,12.8926034548676,0.160577311926106,12.896769806778,4.79308404246862,5.12520652508702,13.1609746362589,0.191707558458844,13.300885847521,0.174430678921068
2022,10,2.1,431,449,6.12843083391456,5.97928760565557,14.1980076268838,0.120847632907107,14.2255778250843,0.11742997894509,14.2117927259841,3.19689801714623,3.42647565297097,14.7674141791905,0.174410841470305,14.8796131043615,0.161817965684506
2023,10,2.1,388,410,13.7779976017186,14.7146490778075,12.5799750572927,0.112948411490386,12.6317486554852,0.105631964910719,12.6058618563889,7.4051494286025,7.21615489562193,13.8606605757055,0.125625271047888,13.9594295015078,0.113119553876128
2024,10,2.1,368,394,5.93727640270453,5.76938426792368,15.0445418305547,0.134882303760717,15.0692325618201,0.132040353920946,15.0568871961874,3.594733216884,3.49945113161719,14.4306695665443,0.200367519242167,14.4935714449118,0.193381286526715
2025,10,2.1,377,410,6.11936910179121,6.5303819433978,15.1106833888675,0.123466338322808,15.1395227728952,0.120117341727316,15.1251030808813,4.3741255257881,4.67807631823416,14.621917782126,0.231842686489507,14.7558898063412,0.217701853405376
2007,10,2.2,386,411,13.1960047514389,11.6700695867096,11.9511824317336,0.0961120087282055,11.9534931317355,0.0957624506980401,11.9523377817346,4.6656524959408,4.53635034824729,12.6361968593328,0.116913402687262,12.6475491143108,0.11532597451856
2008,10,2.2,385,407,6.73598422182744,6.53738026442712,12.386943143031,0.157806864590399,12.382796612084,0.158370618755587,12.3848698775575,4.58385120880512,4.45563159457281,12.5423192053762,0.237373173352801,12.5336067882799,0.23843231005346
2009,10,2.2,374,398,6.03171567177555,5.84893640899447,12.165593383151,0.14898681922908,12.1665366282653,0.148854849481534,12.1660650057081,3.46614212903503,3.36710949677689,11.5666575340519,0.154093646468556,11.5699898561368,0.153606169690724
2010,10,2.2,372,400,6.85284717003767,6.05388472540986,12.5775675439772,0.0789039684813979,12.5745135051314,0.0793512284976513,12.5760405245543,5.07600857862495,4.49355138931746,12.1012867719034,0.201451338299518,12.0627909547796,0.206523838198976
2011,10,2.2,405,417,6.51828046885983,6.33509694280288,11.1939934666265,0.179530809680418,11.194882666232,0.179400455868973,11.1944380664293,4.84689515163991,4.71440599031946,12.1646743847448,0.170150924873144,12.1751329127589,0.168723392924156
2012,10,2.2,308,402,52.3042310820224,45.9246612637716,12.730120635539,0.0819542285385279,12.703241623464,0.0858269510115962,12.7166811295015,5.29772621624106,4.69047504240146,12.6409918383498,0.110596660770404,12.6762528507803,0.105627904767814
2013,10,2.2,392,418,6.55232789748894,6.36240534973564,12.4110175983689,0.129636888139844,12.3476770737563,0.138498140265692,12.3793473360626,4.49728626146776,3.98600266108368,12.3973873971383,0.170050069616621,12.3895364168429,0.171100913177394
2014,10,2.2,382,419,5.85959900372956,5.68555150856927,12.4778788464612,0.158602051142728,12.4751148791513,0.158974764948189,12.4764968628063,4.81271184740095,4.68175370189344,11.7947817677497,0.176661251040288,11.8326519972164,0.171365674779482
2015,10,2.2,394,424,5.00161451777976,4.85733717592073,12.486795964777,0.139181232288572,12.4878020841581,0.139042506335089,12.4872990244675,4.4414097465952,4.32190993278547,12.1709327114427,0.221194682415029,12.2106048668029,0.216109247837895
2016,10,2.2,390,408,7.16404359570479,6.95538213175222,11.8947723715831,0.193966353208294,11.8962824995476,0.19376167653531,11.8955274355654,5.5225350555652,5.36841779820058,12.2921104718207,0.188067015947272,12.308748022805,0.18586760218887
2017,10,2.2,390,412,6.91112010931957,6.70982534885395,12.4881943625033,0.142596529162224,12.5007199887039,0.140875719744977,12.4944571756036,4.83170139929684,4.69810596890153,12.5736551566056,0.110904246481097,12.5789845967711,0.110150386643102
2018,10,2.2,375,401,7.58748307825007,7.35813850157752,12.4650163213644,0.158674314310828,12.4665139666444,0.158472135171509,12.4657651440044,5.86612110933057,6.25542065655361,12.59610520334,0.177731141463277,12.6570568305299,0.16975409073603
2019,10,2.2,373,407,7.4683774732835,6.5981760381483,12.9005846520059,0.159537696974713,12.8926034548676,0.160577311926106,12.8965940534367,4.80428283696036,5.12520652508702,13.1637786820775,0.191363096053912,13.300885847521,0.174430678921068
2022,10,2.2,431,449,6.14198930921082,5.97928760565557,14.1988801003361,0.120739581032747,14.2255778250843,0.11742997894509,14.2122289627102,3.203699927821,3.42647565297097,14.7702240424787,0.174096634346669,14.8796131043615,0.161817965684506
2023,10,2.2,388,410,13.8116846374196,14.7146490778075,12.5808391615816,0.112826546160164,12.6317486554852,0.105631964910719,12.6062939085334,7.42233074978256,7.21615489562193,13.8643200424998,0.125163508397491,13.9594295015078,0.113119553876128
2024,10,2.2,368,394,5.95253932404824,5.76938426792368,15.0450772339811,0.134820727246664,15.0692325618201,0.132040353920946,15.0571548979006,3.60339522463553,3.49945113161719,14.4322780616435,0.200189249397777,14.4935714449118,0.193381286526715
2025,10,2.2,377,410,6.13474440104195,6.5303819433978,15.1113227410888,0.123392162246831,15.1395227728952,0.120117341727316,15.125422756992,4.38427430891058,4.67807631823416,14.6249172360664,0.231527503647545,14.7558898063412,0.217701853405376
2007,10,2.3,386,411,13.2283479003395,11.6700695867096,11.9515455551066,0.0960570806331169,11.9534931317355,0.0957624506980401,11.952519343421,4.67642767491526,4.53635034824729,12.6363726952953,0.116888825757363,12.6475491143108,0.11532597451856
2008,10,2.3,385,407,6.7525345516108,6.53738026442712,12.3867757777148,0.157829622903972,12.382796612084,0.158370618755587,12.3847861948994,4.59453617665781,4.45563159457281,12.5419352431688,0.237419865737655,12.5336067882799,0.23843231005346
2009,10,2.3,374,398,6.04694727700731,5.84893640899447,12.1655363262398,0.148994801752917,12.1665366282653,0.148854849481534,12.1660364772525,3.47439484838988,3.36710949677689,11.5667502903712,0.154080079286471,11.5699898561368,0.153606169690724
2010,10,2.3,372,400,6.25990698046308,6.05388472540986,12.5898377347375,0.0771059201885785,12.5745135051314,0.0793512284976513,12.5821756199345,4.63602984800313,4.49355138931746,12.0888664275569,0.203089702825149,12.0627909547796,0.206523838198976
2011,10,2.3,405,417,6.53354576269791,6.33509694280288,11.194009780272,0.179528418245534,11.194882666232,0.179400455868973,11.194446223252,4.85793591508329,4.71440599031946,12.1650462955893,0.170100182111194,12.1751329127589,0.168723392924156
2012,10,2.3,308,402,52.4627287519679,45.9246612637716,12.7297954152689,0.082001135129355,12.703241623464,0.0858269510115962,12.7165185193665,5.31022085354352,4.69047504240146,12.6419654618268,0.110459649793633,12.6762528507803,0.105627904767814
2013,10,2.3,392,418,6.56815477646839,6.36240534973564,12.4083425630935,0.130012038863106,12.3476770737563,0.138498140265692,12.3780098184249,4.50750736660746,3.98600266108368,12.3969359334061,0.170110515492621,12.3895364168429,0.171100913177394
2014,10,2.3,382,419,5.87410296165957,5.68555150856927,12.477583046363,0.158641942962308,12.4751148791513,0.158974764948189,12.4763489627572,4.82362502619324,4.68175370189344,11.7958575525888,0.176511053138485,11.8326519972164,0.171365674779482
2015,10,2.3,394,424,5.01363762960135,4.85733717592073,12.4864933342093,0.139222957470318,12.4878020841581,0.139042506335089,12.4871477091837,4.45136806441268,4.32190993278547,12.1720149050463,0.221056179372857,12.2106048668029,0.216109247837895
2016,10,2.3,390,408,7.18143205103417,6.95538213175222,11.8944583279592,0.19400891415489,11.8962824995476,0.19376167653531,11.8953704137534,5.53537816034558,5.36841779820058,12.2923878738556,0.188030368960742,12.308748022805,0.18586760218887
2017,10,2.3,390,412,6.92789467269171,6.70982534885395,12.4885337539407,0.14254992525102,12.5007199887039,0.140875719744977,12.4946268713223,4.84283435182978,4.69810596890153,12.5738447577851,0.110877432500203,12.5789845967711,0.110150386643102
2018,10,2.3,375,401,7.60659512630611,7.35813850157752,12.4649806149353,0.158679134311393,12.4665139666444,0.158472135171509,12.4657472907898,5.87998900793419,6.25542065655361,12.5969017604822,0.177627140292821,12.6570568305299,0.16975409073603
2019,10,2.3,373,407,7.48728475802599,6.5981760381483,12.9002770881193,0.159577771557079,12.8926034548676,0.160577311926106,12.8964402714934,4.81548163145211,5.12520652508702,13.166468406176,0.191032608520294,13.300885847521,0.174430678921068
2022,10,2.3,431,449,6.1555477845071,5.97928760565557,14.199696582711,0.120638457384846,14.2255778250843,0.11742997894509,14.2126372038977,3.21050183849578,3.42647565297097,14.7728592494783,0.173801903477888,14.8796131043615,0.161817965684506
2023,10,2.3,388,410,13.8453716731207,14.7146490778075,12.5816565972251,0.112711254842328,12.6317486554852,0.105631964910719,12.6067026263551,7.43951207096261,7.21615489562193,13.8677130239718,0.12473526276974,13.9594295015078,0.113119553876128
2024,10,2.3,368,394,5.96780224539196,5.76938426792368,15.0455932200075,0.134761381845729,15.0692325618201,0.132040353920946,15.0574128909138,3.61205723238705,3.49945113161719,14.4337913920012,0.200021508540428,14.4935714449118,0.193381286526715
2025,10,2.3,377,410,6.15011970029268,6.5303819433978,15.1119448202618,0.123319987135162,15.1395227728952,0.120117341727316,15.1257337965785,4.39442309203305,4.67807631823416,14.6277404590901,0.231230780101184,14.7558898063412,0.217701853405376
2007,10,2.4,386,411,13.26069104924,11.6700695867096,11.9518881136314,0.0960052617634636,11.9534931317355,0.0957624506980401,11.9526906226834,4.68720285388972,4.53635034824729,12.63655130964,0.116863860137514,12.6475491143108,0.11532597451856
2008,10,2.4,385,407,6.76908488139416,6.53738026442712,12.3866213558457,0.157850620896582,12.382796612084,0.158370618755587,12.3847089839648,4.6052211445105,4.45563159457281,12.5415832471366,0.237462669564906,12.5336067882799,0.23843231005346
2009,10,2.4,374,398,6.06217888223907,5.84893640899447,12.1654898343438,0.149001306154946,12.1665366282653,0.148854849481534,12.1660132313045,3.48264756774472,3.36710949677689,11.5668385361293,0.154067171749337,11.5699898561368,0.153606169690724
2010,10,2.4,372,400,6.2757548462364,6.05388472540986,12.5891887972183,0.0772010580564687,12.5745135051314,0.0793512284976513,12.5818511511749,4.64698972944049,4.49355138931746,12.0878679648966,0.203221336724961,12.0627909547796,0.206523838198976
2011,10,2.4,405,417,6.54881105653599,6.33509694280288,11.1940262168619,0.179526008784562,11.194882666232,0.179400455868973,11.194454441547,4.86897667852666,4.71440599031946,12.1653927842605,0.170052906503168,12.1751329127589,0.168723392924156
2012,10,2.4,308,402,52.6212264219135,45.9246612637716,12.7294983815529,0.0820439753202559,12.703241623464,0.0858269510115962,12.7163700025084,5.32271549084597,4.69047504240146,12.6428664498213,0.110332850881132,12.6762528507803,0.105627904767814
2013,10,2.4,392,418,6.58398165544783,6.36240534973564,12.4058830928628,0.130356887084959,12.3476770737563,0.138498140265692,12.3767800833096,4.51772847174716,3.98600266108368,12.3965247710062,0.170165563561827,12.3895364168429,0.171100913177394
2014,10,2.4,382,419,5.8886069195896,5.68555150856927,12.4773207165586,0.158677320162129,12.4751148791513,0.158974764948189,12.476217797855,4.83453820498554,4.68175370189344,11.7968762890223,0.176368807538248,11.8326519972164,0.171365674779482
2015,10,2.4,394,424,5.02566074142294,4.85733717592073,12.4862323149866,0.139258944676676,12.4878020841581,0.139042506335089,12.4870171995723,4.46132638223016,4.32190993278547,12.1730423482761,0.220924672085237,12.2106048668029,0.216109247837895
2016,10,2.4,390,408,7.19882050636356,6.95538213175222,11.8941912445105,0.194045109911951,11.8962824995476,0.19376167653531,11.8952368720291,5.54822126512596,5.36841779820058,12.2926677462399,0.187993394783561,12.308748022805,0.18586760218887
2017,10,2.4,390,412,6.94466923606384,6.70982534885395,12.4888572887487,0.142505497531289,12.5007199887039,0.140875719744977,12.4947886387263,4.85396730436272,4.69810596890153,12.5740210784396,0.110852496329101,12.5789845967711,0.110150386643102
2018,10,2.4,375,401,7.62570717436216,7.35813850157752,12.4649492817396,0.158683363959081,12.4665139666444,0.158472135171509,12.465731624192,5.89385690653781,6.25542065655361,12.5976650670382,0.177527474259763,12.6570568305299,0.16975409073603
2019,10,2.4,373,407,7.50619204276848,6.5981760381483,12.900007545911,0.159612891251829,12.8926034548676,0.160577311926106,12.8963055003893,4.82668042594386,5.12520652508702,13.1690498940733,0.190715356514446,13.300885847521,0.174430678921068
2022,10,2.4,431,449,6.16910625980337,5.97928760565557,14.2004625241202,0.120543588092283,14.2255778250843,0.11742997894509,14.2130201746023,3.21730374917056,3.42647565297097,14.7753367991073,0.173524757612055,14.8796131043615,0.161817965684506
2023,10,2.4,388,410,13.8790587088217,14.7146490778075,12.5824306699673,0.112602072533158,12.6317486554852,0.105631964910719,12.6070896627263,7.45669339214266,7.21615489562193,13.8708680487302,0.124336956857021,13.9594295015078,0.113119553876128
2024,10,2.4,368,394,5.98306516673567,5.76938426792368,15.0460903894251,0.134704198685063,15.0692325618201,0.132040353920946,15.0576614756226,3.62071924013858,3.49945113161719,14.4352188844649,0.199863266023768,14.4935714449118,0.193381286526715
2025,10,2.4,377,410,6.16549499954341,6.5303819433978,15.1125494489846,0.12324983381912,15.1395227728952,0.120117341727316,15.1260361109399,4.40457187515553,4.67807631823416,14.6304034254681,0.230950847197426,14.7558898063412,0.217701853405376
2007,10,2.5,386,411,13.2930341981406,11.6700695867096,11.9522116190502,0.0959563236958619,11.9534931317355,0.0957624506980401,11.9528523753928,4.69797803286418,4.53635034824729,12.6367310217977,0.116838740715945,12.6475491143108,0.11532597451856
2008,10,2.5,385,407,6.78563521117753,6.53738026442712,12.3864784347755,0.157870054799123,12.382796612084,0.158370618755587,12.3846375234298,4.61590611236319,4.45563159457281,12.5412594229806,0.237502046542235,12.5336067882799,0.23843231005346
2009,10,2.5,374,398,6.07741048747082,5.84893640899447,12.1654521502992,0.14900657828513,12.1665366282653,0.148854849481534,12.1659943892822,3.49090028709957,3.36710949677689,11.5669225260173,0.154054886618668,11.5699898561368,0.153606169690724
2010,10,2.5,372,400,6.29160271200973,6.05388472540986,12.5885913086584,0.0772886488831497,12.5745135051314,0.0793512284976513,12.5815524068949,4.65794961087785,4.49355138931746,12.0869423727869,0.203343353909533,12.0627909547796,0.206523838198976
2011,10,2.5,405,417,6.56407635037407,6.33509694280288,11.1940426193769,0.179523604315158,11.194882666232,0.179400455868973,11.1944626428044,4.88001744197003,4.71440599031946,12.1657163580454,0.170008756232232,12.1751329127589,0.168723392924156
2012,10,2.5,308,402,52.7797240918589,45.9246612637716,12.72922605198,0.082083251635875,12.703241623464,0.0858269510115962,12.716233837722,5.33521012814843,4.69047504240146,12.6437026835173,0.110215156961731,12.6762528507803,0.105627904767814
2013,10,2.5,392,418,6.59980853442727,6.36240534973564,12.403614252355,0.130674946038829,12.3476770737563,0.138498140265692,12.3756456630557,4.52794957688686,3.98600266108368,12.3961488869586,0.170215886826384,12.3895364168429,0.171100913177394
2014,10,2.5,382,419,5.90311087751963,5.68555150856927,12.4770872146494,0.15870880907201,12.4751148791513,0.158974764948189,12.4761010469004,4.84545138377783,4.68175370189344,11.7978421354852,0.17623393559088,11.8326519972164,0.171365674779482
2015,10,2.5,394,424,5.03768385324452,4.85733717592073,12.4860068957682,0.13929002303877,12.4878020841581,0.139042506335089,12.4869044899631,4.47128470004764,4.32190993278547,12.1740188109409,0.22079967975212,12.2106048668029,0.216109247837895
2016,10,2.5,390,408,7.21620896169293,6.95538213175222,11.8939639007664,0.194075919413402,11.8962824995476,0.19376167653531,11.895123200157,5.56106436990635,5.36841779820058,12.2929476930048,0.187956409937742,12.308748022805,0.18586760218887
2017,10,2.5,390,412,6.96144379943598,6.70982534885395,12.4891657847787,0.14246313386087,12.5007199887039,0.140875719744977,12.4949428867413,4.86510025689566,4.69810596890153,12.5741854922109,0.11082924377542,12.5789845967711,0.110150386643102
2018,10,2.5,375,401,7.6448192224182,7.35813850157752,12.4649219694509,0.158687050818475,12.4665139666444,0.158472135171509,12.4657179680476,5.90772480514143,6.25542065655361,12.598396973321,0.17743190253394,12.6570568305299,0.16975409073603
2019,10,2.5,373,407,7.52509932751097,6.5981760381483,12.8997710225631,0.159643708187329,12.8926034548676,0.160577311926106,12.8961872387153,4.83787922043561,5.12520652508702,13.1715289031022,0.190410640109663,13.300885847521,0.174430678921068
2022,10,2.5,431,449,6.18266473509964,5.97928760565557,14.2011826633862,0.120454387173271,14.2255778250843,0.11742997894509,14.2133802442352,3.22410565984534,3.42647565297097,14.7776714450598,0.173263554832353,14.8796131043615,0.161817965684506
2023,10,2.5,388,410,13.9127457445227,14.7146490778075,12.5831644448459,0.112498568002072,12.6317486554852,0.105631964910719,12.6074565501656,7.47387471332272,7.21615489562193,13.8738096640468,0.123965511184785,13.9594295015078,0.113119553876128
2024,10,2.5,368,394,5.99832808807938,5.76938426792368,15.0465694057511,0.134649101659472,15.0692325618201,0.132040353920946,15.0579009837856,3.62938124789011,3.49945113161719,14.4365686031294,0.19971363061031,14.4935714449118,0.193381286526715
2025,10,2.5,377,410,6.18087029879414,6.5303819433978,15.1131366515658,0.123181699721119,15.1395227728952,0.120117341727316,15.1263297122305,4.41472065827801,4.67807631823416,14.6329201376131,0.230686241806002,14.7558898063412,0.217701853405376
